feedback_id,date,feedback,sentiment
fb_0000,2025-09-26 05:06:01.026996,"The new update is fine, no major changes.",Neutral
fb_0001,2025-05-10 19:06:01.026996,The customer service was excellent!,Positive
fb_0002,2025-04-16 03:06:01.026996,"I love this product, it works perfectly.",Positive
fb_0003,2025-10-19 22:06:01.026996,The website is #awful and slow.,Negative
fb_0004,2025-02-06 03:06:01.026996,"Great experience, will buy again.",Positive
fb_0005,2025-08-27 23:06:01.026996,Very satisfied with the quick delivery.,Positive
fb_0006,2025-08-17 19:06:01.026996,"Can't find what I'm looking for, navigation is confusing.",Negative
fb_0007,2024-12-01 02:06:01.026996,Very satisfied with the quick delivery.,Positive
fb_0008,2025-07-27 18:06:01.026996,Very satisfied with the quick delivery.,Positive
fb_0009,2025-06-27 02:06:01.026996,Product broke after one use. ##TERRIBLE,Negative
fb_0010,2025-01-15 05:06:01.026996,I haven't used the support team yet.,Neutral
fb_0011,2025-01-02 11:06:01.026996,Very satisfied with the quick delivery.,Positive
fb_0012,2025-02-23 03:06:01.026996,The website is #awful and slow.,Negative
fb_0013,2024-12-04 18:06:01.026996,Very satisfied with the quick delivery.,Positive
fb_0014,2025-09-14 16:06:01.026996,The app is so easy to use and very fast.,Positive
fb_0015,2025-08-24 09:06:01.026996,My order arrived late and was damaged.,Negative
fb_0016,2025-06-07 06:06:01.026996,"Great experience, will buy again.",Positive
fb_0017,2025-10-25 14:06:01.026996,The customer service was excellent!,Positive
fb_0018,2025-04-18 23:06:01.026996,I am very unhappy with the support team.,Negative
fb_0019,2025-01-05 11:06:01.026996,"I love this product, it works perfectly.",Positive
fb_0020,2024-12-03 00:06:01.026996,I haven't used the support team yet.,Neutral
fb_0021,2025-04-09 12:06:01.026996,I am very unhappy with the support team.,Negative
fb_0022,2025-07-20 04:06:01.026996,The app is so easy to use and very fast.,Positive
fb_0023,2025-08-14 04:06:01.026996,Very satisfied with the quick delivery.,Positive
fb_0024,2025-08-30 13:06:01.026996,My order arrived late and was damaged.,Negative
fb_0025,2025-01-26 20:06:01.026996,"Great experience, will buy again.",Positive
fb_0026,2025-08-20 01:06:01.026996,Very satisfied with the quick delivery.,Positive
fb_0027,2024-11-17 12:06:01.026996,Product broke after one use. ##TERRIBLE,Negative
fb_0028,2024-11-05 21:06:01.026996,Very satisfied with the quick delivery.,Positive
fb_0029,2025-08-18 15:06:01.026996,The app is so easy to use and very fast.,Positive
fb_0030,2024-11-10 04:06:01.026996,"The new update is fine, no major changes.",Neutral
fb_0031,2025-04-27 00:06:01.026996,"I love this product, it works perfectly.",Positive
fb_0032,2025-02-13 11:06:01.026996,The app is so easy to use and very fast.,Positive
fb_0033,2025-10-29 06:06:01.026996,"Can't find what I'm looking for, navigation is confusing.",Negative
fb_0034,2024-11-13 03:06:01.026996,"I love this product, it works perfectly.",Positive
fb_0035,2025-10-13 01:06:01.026996,"Great experience, will buy again.",Positive
fb_0036,2025-10-12 03:06:01.026996,My order arrived late and was damaged.,Negative
fb_0037,2025-01-31 19:06:01.026996,Very satisfied with the quick delivery.,Positive
fb_0038,2025-10-12 20:06:01.026996,,Positive
fb_0039,2025-06-18 23:06:01.026996,,Negative
fb_0040,2025-09-10 16:06:01.026996,The price is fair for what you get.,Neutral
fb_0041,2025-06-29 04:06:01.026996,"I love this product, it works perfectly.",Positive
fb_0042,2024-10-30 20:06:01.026996,My order arrived late and was damaged.,Negative
fb_0043,2024-11-08 05:06:01.026996,The customer service was excellent!,Positive
fb_0044,2025-06-05 20:06:01.026996,The app is so easy to use and very fast.,Positive
fb_0045,2025-09-08 10:06:01.026996,Product broke after one use. ##TERRIBLE,Negative
fb_0046,2025-10-10 16:06:01.026996,"Great experience, will buy again.",Positive
fb_0047,2025-07-08 10:06:01.026996,"Great experience, will buy again.",Positive
fb_0048,2025-01-22 12:06:01.026996,My order arrived late and was damaged.,Negative
fb_0049,2025-03-09 15:06:01.026996,"I love this product, it works perfectly.",Positive
fb_0050,2025-02-12 07:06:01.026996,"The new update is fine, no major changes.",Neutral
fb_0051,2024-12-20 09:06:01.026996,,Negative
fb_0052,2025-02-06 15:06:01.026996,"I love this product, it works perfectly.",Positive
fb_0053,2025-06-19 08:06:01.026996,Very satisfied with the quick delivery.,Positive
fb_0054,2025-01-19 14:06:01.026996,I am very unhappy with the support team.,Negative
fb_0055,2025-08-11 05:06:01.026996,The customer service was excellent!,Positive
fb_0056,2025-09-21 10:06:01.026996,The customer service was excellent!,Positive
fb_0057,2025-10-06 04:06:01.026996,My order arrived late and was damaged.,Negative
fb_0058,2025-09-15 11:06:01.026996,Very satisfied with the quick delivery.,Positive
fb_0059,2025-01-11 12:06:01.026996,The customer service was excellent!,Positive
fb_0060,2024-11-17 20:06:01.026996,Shipping time was average.,Neutral
fb_0061,2025-08-29 14:06:01.026996,Very satisfied with the quick delivery.,Positive
fb_0062,2025-06-02 23:06:01.026996,Very satisfied with the quick delivery.,Positive
fb_0063,2024-11-14 04:06:01.026996,The website is #awful and slow.,Negative
fb_0064,2025-05-14 01:06:01.026996,The app is so easy to use and very fast.,Positive
fb_0065,2025-07-11 19:06:01.026996,Very satisfied with the quick delivery.,Positive
fb_0066,2025-07-22 11:06:01.026996,My order arrived late and was damaged.,Negative
fb_0067,2024-11-21 01:06:01.026996,"Great experience, will buy again.",Positive
fb_0068,2024-11-14 03:06:01.026996,"Great experience, will buy again.",Positive
fb_0069,2025-06-23 08:06:01.026996,"Can't find what I'm looking for, navigation is confusing.",Negative
fb_0070,2025-08-03 01:06:01.026996,"The product is okay, it does the job.",Neutral
fb_0071,2025-10-18 15:06:01.026996,,Positive
fb_0072,2025-09-13 08:06:01.026996,The website is #awful and slow.,Negative
fb_0073,2025-05-02 20:06:01.026996,The customer service was excellent!,Positive
fb_0074,2025-07-10 15:06:01.026996,The customer service was excellent!,Positive
fb_0075,2025-02-03 02:06:01.026996,"Can't find what I'm looking for, navigation is confusing.",Negative
fb_0076,2024-12-05 20:06:01.026996,Very satisfied with the quick delivery.,Positive
fb_0077,2025-02-19 22:06:01.026996,"Great experience, will buy again.",Positive
fb_0078,2025-02-08 10:06:01.026996,The website is #awful and slow.,Negative
fb_0079,2025-10-01 06:06:01.026996,"I love this product, it works perfectly.",Positive
fb_0080,2025-10-25 22:06:01.026996,I haven't used the support team yet.,Neutral
fb_0081,2025-04-20 17:06:01.026996,My order arrived late and was damaged.,Negative
fb_0082,2025-06-24 06:06:01.026996,"Great experience, will buy again.",Positive
fb_0083,2025-06-13 03:06:01.026996,"Great experience, will buy again.",Positive
fb_0084,2025-06-13 18:06:01.026996,Product broke after one use. ##TERRIBLE,Negative
fb_0085,2025-01-17 07:06:01.026996,"I love this product, it works perfectly.",Positive
fb_0086,2025-08-18 10:06:01.026996,Very satisfied with the quick delivery.,Positive
fb_0087,2025-04-28 10:06:01.026996,Product broke after one use. ##TERRIBLE,Negative
fb_0088,2025-04-12 05:06:01.026996,"Great experience, will buy again.",Positive
fb_0089,2025-09-01 04:06:01.026996,Very satisfied with the quick delivery.,Positive
fb_0090,2025-02-07 17:06:01.026996,Shipping time was average.,Neutral
fb_0091,2025-07-05 06:06:01.026996,"I love this product, it works perfectly.",Positive
fb_0092,2025-08-03 11:06:01.026996,The customer service was excellent!,Positive
fb_0093,2025-04-03 11:06:01.026996,I am very unhappy with the support team.,Negative
fb_0094,2025-09-21 15:06:01.026996,The customer service was excellent!,Positive
fb_0095,2025-01-11 07:06:01.026996,"I love this product, it works perfectly.",Positive
fb_0096,2025-07-15 01:06:01.026996,I am very unhappy with the support team.,Negative
fb_0097,2024-12-31 15:06:01.026996,I am very unhappy with the support team.,Positive
fb_0098,2024-12-27 15:06:01.026996,"Great experience, will buy again.",Positive
fb_0099,2025-04-16 23:06:01.026996,The website is #awful and slow.,Negative
fb_0100,2025-09-02 09:06:01.026996,The price is fair for what you get.,Neutral
fb_0101,2025-04-23 13:06:01.026996,Very satisfied with the quick delivery.,Positive
fb_0102,2025-07-02 07:06:01.026996,I am very unhappy with the support team.,Negative
fb_0103,2025-04-04 10:06:01.026996,"Great experience, will buy again.",Positive
fb_0104,2024-11-04 16:06:01.026996,Very satisfied with the quick delivery.,Positive
fb_0105,2025-04-07 22:06:01.026996,"Can't find what I'm looking for, navigation is confusing.",Negative
fb_0106,2025-10-07 05:06:01.026996,"Great experience, will buy again.",Positive
fb_0107,2025-09-28 19:06:01.026996,The customer service was excellent!,Positive
fb_0108,2024-12-10 22:06:01.026996,Product broke after one use. ##TERRIBLE,Negative
fb_0109,2025-04-08 22:06:01.026996,"Great experience, will buy again.",Positive
fb_0110,2025-10-09 18:06:01.026996,I haven't used the support team yet.,Neutral
fb_0111,2025-05-01 12:06:01.026996,I am very unhappy with the support team.,Negative
fb_0112,2025-06-17 18:06:01.026996,"Great experience, will buy again.",Positive
fb_0113,2025-05-06 20:06:01.026996,Very satisfied with the quick delivery.,Positive
fb_0114,2025-04-10 07:06:01.026996,Product broke after one use. ##TERRIBLE,Negative
fb_0115,2025-03-07 12:06:01.026996,The app is so easy to use and very fast.,Positive
fb_0116,2025-09-24 16:06:01.026996,The app is so easy to use and very fast.,Positive
fb_0117,2025-02-02 03:06:01.026996,Product broke after one use. ##TERRIBLE,Negative
fb_0118,2025-03-02 02:06:01.026996,The app is so easy to use and very fast.,Positive
fb_0119,2025-09-09 18:06:01.026996,The customer service was excellent!,Positive
fb_0120,2025-07-13 08:06:01.026996,The price is fair for what you get.,Neutral
fb_0121,2024-12-01 23:06:01.026996,"I love this product, it works perfectly.",Positive
fb_0122,2024-11-27 01:06:01.026996,"I love this product, it works perfectly.",Positive
fb_0123,2025-08-06 19:06:01.026996,The website is #awful and slow.,Negative
fb_0124,2025-04-27 09:06:01.026996,"I love this product, it works perfectly.",Positive
fb_0125,2024-11-03 01:06:01.026996,Very satisfied with the quick delivery.,Positive
fb_0126,2024-12-27 08:06:01.026996,Very satisfied with the quick delivery.,Negative
fb_0127,2025-04-13 15:06:01.026996,"I love this product, it works perfectly.",Positive
fb_0128,2024-11-05 02:06:01.026996,The app is so easy to use and very fast.,Positive
fb_0129,2024-12-14 18:06:01.026996,The website is #awful and slow.,Negative
fb_0130,2025-04-06 18:06:01.026996,,Neutral
fb_0131,2025-02-20 19:06:01.026996,Very satisfied with the quick delivery.,Positive
fb_0132,2024-11-16 17:06:01.026996,My order arrived late and was damaged.,Negative
fb_0133,2025-08-11 07:06:01.026996,The app is so easy to use and very fast.,Positive
fb_0134,2025-02-10 16:06:01.026996,Very satisfied with the quick delivery.,Positive
fb_0135,2024-11-12 13:06:01.026996,Very satisfied with the quick delivery.,Negative
fb_0136,2025-05-16 18:06:01.026996,The app is so easy to use and very fast.,Positive
fb_0137,2025-09-12 15:06:01.026996,Very satisfied with the quick delivery.,Positive
fb_0138,2025-09-10 02:06:01.026996,"Can't find what I'm looking for, navigation is confusing.",Negative
fb_0139,2025-01-30 14:06:01.026996,The customer service was excellent!,Positive
fb_0140,2025-06-14 21:06:01.026996,"The product is okay, it does the job.",Neutral
fb_0141,2025-03-12 23:06:01.026996,My order arrived late and was damaged.,Negative
fb_0142,2025-04-15 03:06:01.026996,"I love this product, it works perfectly.",Positive
fb_0143,2025-08-30 07:06:01.026996,The app is so easy to use and very fast.,Positive
fb_0144,2025-03-30 05:06:01.026996,My order arrived late and was damaged.,Negative
fb_0145,2025-04-05 03:06:01.026996,Very satisfied with the quick delivery.,Positive
fb_0146,2025-08-21 19:06:01.026996,The customer service was excellent!,Positive
fb_0147,2025-09-20 06:06:01.026996,I am very unhappy with the support team.,Negative
fb_0148,2025-07-18 04:06:01.026996,"Great experience, will buy again.",Positive
fb_0149,2025-04-24 04:06:01.026996,"I love this product, it works perfectly.",Positive
fb_0150,2025-03-01 12:06:01.026996,I haven't used the support team yet.,Neutral
fb_0151,2024-12-24 09:06:01.026996,The customer service was excellent!,Positive
fb_0152,2024-11-03 00:06:01.026996,"I love this product, it works perfectly.",Positive
fb_0153,2025-06-02 12:06:01.026996,The website is #awful and slow.,Negative
fb_0154,2025-02-26 08:06:01.026996,,Positive
fb_0155,2024-11-15 14:06:01.026996,"Great experience, will buy again.",Positive
fb_0156,2025-02-04 23:06:01.026996,I am very unhappy with the support team.,Negative
fb_0157,2025-04-19 11:06:01.026996,"I love this product, it works perfectly.",Positive
fb_0158,2024-12-21 03:06:01.026996,"I love this product, it works perfectly.",Positive
fb_0159,2025-10-15 08:06:01.026996,Product broke after one use. ##TERRIBLE,Negative
fb_0160,2025-07-23 17:06:01.026996,"The product is okay, it does the job.",Neutral
fb_0161,2025-04-16 02:06:01.026996,"Great experience, will buy again.",Positive
fb_0162,2025-06-07 21:06:01.026996,"Can't find what I'm looking for, navigation is confusing.",Negative
fb_0163,2025-09-06 00:06:01.026996,The app is so easy to use and very fast.,Positive
fb_0164,2025-06-25 21:06:01.026996,"Great experience, will buy again.",Positive
fb_0165,2025-09-05 00:06:01.026996,The website is #awful and slow.,Negative
fb_0166,2025-08-10 12:06:01.026996,"Great experience, will buy again.",Positive
fb_0167,2024-12-07 07:06:01.026996,"Great experience, will buy again.",Positive
fb_0168,2024-11-11 21:06:01.026996,Product broke after one use. ##TERRIBLE,Negative
fb_0169,2024-11-01 13:06:01.026996,Product broke after one use. ##TERRIBLE,Positive
fb_0170,2025-04-12 13:06:01.026996,"The product is okay, it does the job.",Neutral
fb_0171,2025-07-26 18:06:01.026996,"Can't find what I'm looking for, navigation is confusing.",Negative
fb_0172,2024-11-26 03:06:01.026996,"Great experience, will buy again.",Positive
fb_0173,2024-12-07 16:06:01.026996,"Great experience, will buy again.",Positive
fb_0174,2024-11-24 21:06:01.026996,The website is #awful and slow.,Negative
fb_0175,2025-02-10 20:06:01.026996,Very satisfied with the quick delivery.,Positive
fb_0176,2025-08-05 11:06:01.026996,Very satisfied with the quick delivery.,Positive
fb_0177,2025-06-16 23:06:01.026996,"Can't find what I'm looking for, navigation is confusing.",Negative
fb_0178,2025-08-29 09:06:01.026996,"Great experience, will buy again.",Positive
fb_0179,2025-07-12 10:06:01.026996,Very satisfied with the quick delivery.,Positive
fb_0180,2025-07-01 02:06:01.026996,The price is fair for what you get.,Neutral
fb_0181,2025-10-17 12:06:01.026996,"Great experience, will buy again.",Positive
fb_0182,2025-09-23 13:06:01.026996,"I love this product, it works perfectly.",Positive
fb_0183,2024-11-28 22:06:01.026996,I am very unhappy with the support team.,Negative
fb_0184,2024-11-14 13:06:01.026996,"I love this product, it works perfectly.",Positive
fb_0185,2025-03-22 14:06:01.026996,The app is so easy to use and very fast.,Positive
fb_0186,2025-05-25 00:06:01.026996,The website is #awful and slow.,Negative
fb_0187,2025-03-26 17:06:01.026996,The app is so easy to use and very fast.,Positive
fb_0188,2025-07-30 12:06:01.026996,Very satisfied with the quick delivery.,Positive
fb_0189,2025-02-19 04:06:01.026996,"Can't find what I'm looking for, navigation is confusing.",Negative
fb_0190,2025-06-01 14:06:01.026996,Shipping time was average.,Neutral
fb_0191,2025-10-25 19:06:01.026996,The app is so easy to use and very fast.,Positive
fb_0192,2025-07-24 07:06:01.026996,Product broke after one use. ##TERRIBLE,Negative
fb_0193,2025-10-15 02:06:01.026996,,Positive
fb_0194,2025-04-23 06:06:01.026996,The customer service was excellent!,Positive
fb_0195,2025-04-18 16:06:01.026996,The website is #awful and slow.,Negative
fb_0196,2024-11-18 11:06:01.026996,"I love this product, it works perfectly.",Positive
fb_0197,2025-07-31 17:06:01.026996,Very satisfied with the quick delivery.,Positive
fb_0198,2025-09-12 06:06:01.026996,"Can't find what I'm looking for, navigation is confusing.",Negative
fb_0199,2025-08-24 21:06:01.026996,Very satisfied with the quick delivery.,Positive
fb_0200,2025-03-22 22:06:01.026996,I haven't used the support team yet.,Neutral
fb_0201,2024-12-02 14:06:01.026996,,Negative
fb_0202,2025-04-08 15:06:01.026996,"Great experience, will buy again.",Positive
fb_0203,2025-08-13 12:06:01.026996,"I love this product, it works perfectly.",Positive
fb_0204,2025-07-26 12:06:01.026996,"Can't find what I'm looking for, navigation is confusing.",Negative
fb_0205,2025-03-09 03:06:01.026996,The customer service was excellent!,Positive
fb_0206,2024-12-30 11:06:01.026996,"Great experience, will buy again.",Positive
fb_0207,2025-02-22 11:06:01.026996,"Can't find what I'm looking for, navigation is confusing.",Negative
fb_0208,2025-10-13 00:06:01.026996,"I love this product, it works perfectly.",Positive
fb_0209,2024-12-29 14:06:01.026996,Very satisfied with the quick delivery.,Positive
fb_0210,2025-01-09 20:06:01.026996,The price is fair for what you get.,Neutral
fb_0211,2025-04-12 03:06:01.026996,"I love this product, it works perfectly.",Positive
fb_0212,2025-06-08 08:06:01.026996,"I love this product, it works perfectly.",Positive
fb_0213,2024-11-02 06:06:01.026996,I am very unhappy with the support team.,Negative
fb_0214,2024-11-22 09:06:01.026996,I am very unhappy with the support team.,Positive
fb_0215,2024-12-13 03:06:01.026996,The customer service was excellent!,Positive
fb_0216,2025-01-25 03:06:01.026996,The website is #awful and slow.,Negative
fb_0217,2025-05-21 15:06:01.026996,The customer service was excellent!,Positive
fb_0218,2025-04-07 16:06:01.026996,The customer service was excellent!,Positive
fb_0219,2025-08-27 01:06:01.026996,I am very unhappy with the support team.,Negative
fb_0220,2025-09-29 03:06:01.026996,"The new update is fine, no major changes.",Neutral
fb_0221,2025-09-01 16:06:01.026996,"Great experience, will buy again.",Positive
fb_0222,2025-03-30 17:06:01.026996,I am very unhappy with the support team.,Negative
fb_0223,2024-12-26 16:06:01.026996,"I love this product, it works perfectly.",Positive
fb_0224,2025-09-18 09:06:01.026996,"Great experience, will buy again.",Positive
fb_0225,2025-01-11 18:06:01.026996,"Can't find what I'm looking for, navigation is confusing.",Negative
fb_0226,2024-12-15 19:06:01.026996,The customer service was excellent!,Positive
fb_0227,2025-03-03 01:06:01.026996,"Great experience, will buy again.",Positive
fb_0228,2024-12-11 12:06:01.026996,"Can't find what I'm looking for, navigation is confusing.",Negative
fb_0229,2025-04-18 08:06:01.026996,"Great experience, will buy again.",Positive
fb_0230,2024-11-27 13:06:01.026996,Shipping time was average.,Neutral
fb_0231,2024-12-25 08:06:01.026996,My order arrived late and was damaged.,Negative
fb_0232,2025-07-19 11:06:01.026996,"I love this product, it works perfectly.",Positive
fb_0233,2025-05-31 04:06:01.026996,The app is so easy to use and very fast.,Positive
fb_0234,2025-05-11 09:06:01.026996,The website is #awful and slow.,Negative
fb_0235,2025-07-22 09:06:01.026996,Very satisfied with the quick delivery.,Positive
fb_0236,2025-01-02 16:06:01.026996,Very satisfied with the quick delivery.,Positive
fb_0237,2025-07-11 11:06:01.026996,I am very unhappy with the support team.,Negative
fb_0238,2025-02-17 17:06:01.026996,"Great experience, will buy again.",Positive
fb_0239,2025-06-26 15:06:01.026996,"Great experience, will buy again.",Positive
fb_0240,2025-01-21 06:06:01.026996,The price is fair for what you get.,Neutral
fb_0241,2025-09-22 08:06:01.026996,"Great experience, will buy again.",Positive
fb_0242,2025-07-19 00:06:01.026996,"Great experience, will buy again.",Positive
fb_0243,2024-12-08 09:06:01.026996,The website is #awful and slow.,Negative
fb_0244,2025-07-16 01:06:01.026996,"I love this product, it works perfectly.",Positive
fb_0245,2025-05-10 12:06:01.026996,The app is so easy to use and very fast.,Positive
fb_0246,2024-12-01 19:06:01.026996,My order arrived late and was damaged.,Negative
fb_0247,2025-06-06 01:06:01.026996,Very satisfied with the quick delivery.,Positive
fb_0248,2025-06-27 01:06:01.026996,"I love this product, it works perfectly.",Positive
fb_0249,2025-10-30 15:06:01.026996,I am very unhappy with the support team.,Negative
fb_0250,2025-05-03 02:06:01.026996,"The product is okay, it does the job.",Neutral
fb_0251,2025-03-24 06:06:01.026996,The customer service was excellent!,Positive
fb_0252,2025-09-21 00:06:01.026996,"Can't find what I'm looking for, navigation is confusing.",Negative
fb_0253,2025-07-22 23:06:01.026996,"I love this product, it works perfectly.",Positive
fb_0254,2025-09-26 10:06:01.026996,Very satisfied with the quick delivery.,Positive
fb_0255,2025-02-10 09:06:01.026996,My order arrived late and was damaged.,Negative
fb_0256,2025-08-10 17:06:01.026996,The app is so easy to use and very fast.,Positive
fb_0257,2025-01-23 01:06:01.026996,"Great experience, will buy again.",Positive
fb_0258,2024-11-28 16:06:01.026996,,Negative
fb_0259,2025-10-06 07:06:01.026996,The app is so easy to use and very fast.,Positive
fb_0260,2025-04-13 23:06:01.026996,Shipping time was average.,Neutral
fb_0261,2025-10-04 17:06:01.026996,"Can't find what I'm looking for, navigation is confusing.",Negative
fb_0262,2024-11-18 17:06:01.026996,The app is so easy to use and very fast.,Positive
fb_0263,2025-03-06 23:06:01.026996,Very satisfied with the quick delivery.,Positive
fb_0264,2024-11-20 11:06:01.026996,Very satisfied with the quick delivery.,Negative
fb_0265,2025-09-07 10:06:01.026996,"I love this product, it works perfectly.",Positive
fb_0266,2025-08-22 01:06:01.026996,The app is so easy to use and very fast.,Positive
fb_0267,2025-10-16 04:06:01.026996,,Negative
fb_0268,2025-08-21 12:06:01.026996,"I love this product, it works perfectly.",Positive
fb_0269,2025-03-06 09:06:01.026996,"I love this product, it works perfectly.",Positive
fb_0270,2025-06-08 16:06:01.026996,Shipping time was average.,Neutral
fb_0271,2025-02-11 05:06:01.026996,The app is so easy to use and very fast.,Positive
fb_0272,2025-08-13 01:06:01.026996,,Positive
fb_0273,2025-07-23 11:06:01.026996,I am very unhappy with the support team.,Negative
fb_0274,2025-10-15 13:06:01.026996,The customer service was excellent!,Positive
fb_0275,2025-08-13 15:06:01.026996,The app is so easy to use and very fast.,Positive
fb_0276,2025-10-15 20:06:01.026996,"Can't find what I'm looking for, navigation is confusing.",Negative
fb_0277,2025-10-30 16:06:01.026996,Very satisfied with the quick delivery.,Positive
fb_0278,2025-05-10 03:06:01.026996,"Great experience, will buy again.",Positive
fb_0279,2025-01-01 06:06:01.026996,"Can't find what I'm looking for, navigation is confusing.",Negative
fb_0280,2025-06-16 20:06:01.026996,"The new update is fine, no major changes.",Neutral
fb_0281,2025-03-28 18:06:01.026996,The app is so easy to use and very fast.,Positive
fb_0282,2024-11-07 07:06:01.026996,I am very unhappy with the support team.,Negative
fb_0283,2025-09-08 00:06:01.026996,Very satisfied with the quick delivery.,Positive
fb_0284,2024-11-22 02:06:01.026996,"Great experience, will buy again.",Positive
fb_0285,2025-03-27 13:06:01.026996,,Negative
fb_0286,2025-08-14 10:06:01.026996,,Positive
fb_0287,2025-03-21 03:06:01.026996,"I love this product, it works perfectly.",Positive
fb_0288,2025-09-09 00:06:01.026996,I am very unhappy with the support team.,Negative
fb_0289,2025-06-26 03:06:01.026996,Very satisfied with the quick delivery.,Positive
fb_0290,2025-10-29 19:06:01.026996,I haven't used the support team yet.,Neutral
fb_0291,2025-03-12 23:06:01.026996,The website is #awful and slow.,Negative
fb_0292,2024-11-10 06:06:01.026996,,Positive
fb_0293,2025-01-24 15:06:01.026996,The customer service was excellent!,Positive
fb_0294,2025-09-20 09:06:01.026996,My order arrived late and was damaged.,Negative
fb_0295,2025-04-09 06:06:01.026996,"Great experience, will buy again.",Positive
fb_0296,2025-06-08 19:06:01.026996,"Great experience, will buy again.",Positive
fb_0297,2025-08-30 18:06:01.026996,Product broke after one use. ##TERRIBLE,Negative
fb_0298,2024-12-13 05:06:01.026996,The app is so easy to use and very fast.,Positive
fb_0299,2025-06-08 05:06:01.026996,"Great experience, will buy again.",Positive
fb_0300,2025-08-30 16:06:01.026996,"Great experience, will buy again.",Neutral
fb_0301,2025-08-26 01:06:01.026996,"Great experience, will buy again.",Positive
fb_0302,2025-03-02 04:06:01.026996,"Great experience, will buy again.",Positive
fb_0303,2025-08-15 12:06:01.026996,I am very unhappy with the support team.,Negative
fb_0304,2025-07-02 17:06:01.026996,Very satisfied with the quick delivery.,Positive
fb_0305,2025-01-03 14:06:01.026996,"I love this product, it works perfectly.",Positive
fb_0306,2025-10-07 06:06:01.026996,I am very unhappy with the support team.,Negative
fb_0307,2025-01-16 16:06:01.026996,Very satisfied with the quick delivery.,Positive
fb_0308,2025-03-30 09:06:01.026996,Very satisfied with the quick delivery.,Positive
fb_0309,2025-03-18 20:06:01.026996,The website is #awful and slow.,Negative
fb_0310,2025-01-17 18:06:01.026996,"The product is okay, it does the job.",Neutral
fb_0311,2025-03-05 10:06:01.026996,The app is so easy to use and very fast.,Positive
fb_0312,2025-04-22 08:06:01.026996,"Can't find what I'm looking for, navigation is confusing.",Negative
fb_0313,2025-08-31 17:06:01.026996,"I love this product, it works perfectly.",Positive
fb_0314,2025-04-04 02:06:01.026996,"I love this product, it works perfectly.",Positive
fb_0315,2025-01-12 09:06:01.026996,"Can't find what I'm looking for, navigation is confusing.",Negative
fb_0316,2024-11-17 20:06:01.026996,Very satisfied with the quick delivery.,Positive
fb_0317,2025-07-10 22:06:01.026996,The customer service was excellent!,Positive
fb_0318,2024-11-30 12:06:01.026996,Product broke after one use. ##TERRIBLE,Negative
fb_0319,2025-05-08 00:06:01.026996,Product broke after one use. ##TERRIBLE,Positive
fb_0320,2025-04-26 21:06:01.026996,The price is fair for what you get.,Neutral
fb_0321,2025-09-21 14:06:01.026996,My order arrived late and was damaged.,Negative
fb_0322,2024-11-01 20:06:01.026996,Very satisfied with the quick delivery.,Positive
fb_0323,2025-09-08 19:06:01.026996,,Positive
fb_0324,2025-02-27 18:06:01.026996,Product broke after one use. ##TERRIBLE,Negative
fb_0325,2025-09-29 11:06:01.026996,The app is so easy to use and very fast.,Positive
fb_0326,2025-08-05 15:06:01.026996,"Great experience, will buy again.",Positive
fb_0327,2024-11-16 02:06:01.026996,I am very unhappy with the support team.,Negative
fb_0328,2025-01-15 01:06:01.026996,"I love this product, it works perfectly.",Positive
fb_0329,2025-01-28 10:06:01.026996,"Great experience, will buy again.",Positive
fb_0330,2025-05-04 23:06:01.026996,Shipping time was average.,Neutral
fb_0331,2025-01-20 04:06:01.026996,The app is so easy to use and very fast.,Positive
fb_0332,2024-12-13 08:06:01.026996,The customer service was excellent!,Positive
fb_0333,2025-10-19 16:06:01.026996,Product broke after one use. ##TERRIBLE,Negative
fb_0334,2025-09-23 02:06:01.026996,The customer service was excellent!,Positive
fb_0335,2025-04-12 06:06:01.026996,"I love this product, it works perfectly.",Positive
fb_0336,2025-04-12 07:06:01.026996,Product broke after one use. ##TERRIBLE,Negative
fb_0337,2025-08-24 03:06:01.026996,"Great experience, will buy again.",Positive
fb_0338,2025-04-17 05:06:01.026996,"Great experience, will buy again.",Positive
fb_0339,2025-05-16 17:06:01.026996,"Great experience, will buy again.",Negative
fb_0340,2025-09-21 17:06:01.026996,I haven't used the support team yet.,Neutral
fb_0341,2025-07-22 22:06:01.026996,The app is so easy to use and very fast.,Positive
fb_0342,2025-10-11 17:06:01.026996,"Can't find what I'm looking for, navigation is confusing.",Negative
fb_0343,2025-01-08 07:06:01.026996,"I love this product, it works perfectly.",Positive
fb_0344,2025-08-29 01:06:01.026996,The app is so easy to use and very fast.,Positive
fb_0345,2025-03-09 10:06:01.026996,,Negative
fb_0346,2025-07-30 10:06:01.026996,Very satisfied with the quick delivery.,Positive
fb_0347,2025-02-06 13:06:01.026996,"I love this product, it works perfectly.",Positive
fb_0348,2025-03-16 02:06:01.026996,"Can't find what I'm looking for, navigation is confusing.",Negative
fb_0349,2024-11-30 16:06:01.026996,"Great experience, will buy again.",Positive
fb_0350,2025-04-21 22:06:01.026996,The price is fair for what you get.,Neutral
fb_0351,2025-06-25 23:06:01.026996,Product broke after one use. ##TERRIBLE,Negative
fb_0352,2025-10-26 10:06:01.026996,The customer service was excellent!,Positive
fb_0353,2025-01-24 02:06:01.026996,"Great experience, will buy again.",Positive
fb_0354,2024-12-10 21:06:01.026996,The website is #awful and slow.,Negative
fb_0355,2025-08-08 08:06:01.026996,The customer service was excellent!,Positive
fb_0356,2025-01-11 03:06:01.026996,Very satisfied with the quick delivery.,Positive
fb_0357,2025-08-16 21:06:01.026996,Product broke after one use. ##TERRIBLE,Negative
fb_0358,2025-04-27 04:06:01.026996,"I love this product, it works perfectly.",Positive
fb_0359,2025-10-13 13:06:01.026996,The customer service was excellent!,Positive
fb_0360,2025-01-17 09:06:01.026996,"The new update is fine, no major changes.",Neutral
fb_0361,2025-06-25 10:06:01.026996,The customer service was excellent!,Positive
fb_0362,2024-11-16 22:06:01.026996,Very satisfied with the quick delivery.,Positive
fb_0363,2025-01-11 18:06:01.026996,My order arrived late and was damaged.,Negative
fb_0364,2025-08-20 07:06:01.026996,The customer service was excellent!,Positive
fb_0365,2025-05-09 18:06:01.026996,"I love this product, it works perfectly.",Positive
fb_0366,2025-02-24 01:06:01.026996,"Can't find what I'm looking for, navigation is confusing.",Negative
fb_0367,2025-01-21 19:06:01.026996,The customer service was excellent!,Positive
fb_0368,2025-02-13 00:06:01.026996,"Great experience, will buy again.",Positive
fb_0369,2025-10-28 04:06:01.026996,"Can't find what I'm looking for, navigation is confusing.",Negative
fb_0370,2025-02-09 15:06:01.026996,"The product is okay, it does the job.",Neutral
fb_0371,2025-02-27 23:06:01.026996,Very satisfied with the quick delivery.,Positive
fb_0372,2025-04-15 22:06:01.026996,My order arrived late and was damaged.,Negative
fb_0373,2024-11-26 23:06:01.026996,,Positive
fb_0374,2025-06-25 02:06:01.026996,"I love this product, it works perfectly.",Positive
fb_0375,2025-05-30 17:06:01.026996,My order arrived late and was damaged.,Negative
fb_0376,2025-04-28 17:06:01.026996,My order arrived late and was damaged.,Positive
fb_0377,2025-06-28 01:06:01.026996,The app is so easy to use and very fast.,Positive
fb_0378,2025-03-09 06:06:01.026996,I am very unhappy with the support team.,Negative
fb_0379,2025-01-26 19:06:01.026996,"Great experience, will buy again.",Positive
fb_0380,2025-04-06 02:06:01.026996,"The new update is fine, no major changes.",Neutral
fb_0381,2025-10-21 10:06:01.026996,I am very unhappy with the support team.,Negative
fb_0382,2025-08-07 02:06:01.026996,"I love this product, it works perfectly.",Positive
fb_0383,2025-05-19 06:06:01.026996,"I love this product, it works perfectly.",Positive
fb_0384,2025-03-02 07:06:01.026996,Product broke after one use. ##TERRIBLE,Negative
fb_0385,2025-03-12 20:06:01.026996,The app is so easy to use and very fast.,Positive
fb_0386,2025-10-27 00:06:01.026996,"Great experience, will buy again.",Positive
fb_0387,2025-06-21 04:06:01.026996,"Can't find what I'm looking for, navigation is confusing.",Negative
fb_0388,2025-03-28 08:06:01.026996,Very satisfied with the quick delivery.,Positive
fb_0389,2025-01-14 23:06:01.026996,"I love this product, it works perfectly.",Positive
fb_0390,2025-06-08 18:06:01.026996,"The new update is fine, no major changes.",Neutral
fb_0391,2025-01-31 06:06:01.026996,Very satisfied with the quick delivery.,Positive
fb_0392,2025-03-13 06:06:01.026996,Very satisfied with the quick delivery.,Positive
fb_0393,2025-08-27 10:06:01.026996,"Can't find what I'm looking for, navigation is confusing.",Negative
fb_0394,2025-04-06 07:06:01.026996,"Great experience, will buy again.",Positive
fb_0395,2025-09-21 03:06:01.026996,The customer service was excellent!,Positive
fb_0396,2025-01-16 04:06:01.026996,I am very unhappy with the support team.,Negative
fb_0397,2025-03-20 03:06:01.026996,Very satisfied with the quick delivery.,Positive
fb_0398,2025-07-29 00:06:01.026996,"I love this product, it works perfectly.",Positive
fb_0399,2024-12-30 21:06:01.026996,The website is #awful and slow.,Negative
fb_0400,2025-04-17 02:06:01.026996,The price is fair for what you get.,Neutral
fb_0401,2025-03-03 03:06:01.026996,Very satisfied with the quick delivery.,Positive
fb_0402,2025-08-19 20:06:01.026996,My order arrived late and was damaged.,Negative
fb_0403,2024-11-25 01:06:01.026996,The app is so easy to use and very fast.,Positive
fb_0404,2025-03-10 19:06:01.026996,The app is so easy to use and very fast.,Positive
fb_0405,2025-06-16 22:06:01.026996,My order arrived late and was damaged.,Negative
fb_0406,2025-07-31 20:06:01.026996,My order arrived late and was damaged.,Positive
fb_0407,2025-06-27 03:06:01.026996,The customer service was excellent!,Positive
fb_0408,2025-10-27 22:06:01.026996,,Negative
fb_0409,2025-07-17 01:06:01.026996,The customer service was excellent!,Positive
fb_0410,2025-03-03 01:06:01.026996,"The product is okay, it does the job.",Neutral
fb_0411,2025-05-09 12:06:01.026996,"Can't find what I'm looking for, navigation is confusing.",Negative
fb_0412,2025-06-04 21:06:01.026996,"I love this product, it works perfectly.",Positive
fb_0413,2025-06-08 15:06:01.026996,The app is so easy to use and very fast.,Positive
fb_0414,2025-10-20 16:06:01.026996,My order arrived late and was damaged.,Negative
fb_0415,2025-10-28 08:06:01.026996,The customer service was excellent!,Positive
fb_0416,2024-11-07 18:06:01.026996,The app is so easy to use and very fast.,Positive
fb_0417,2025-07-09 06:06:01.026996,My order arrived late and was damaged.,Negative
fb_0418,2025-01-29 08:06:01.026996,Very satisfied with the quick delivery.,Positive
fb_0419,2024-11-27 05:06:01.026996,"I love this product, it works perfectly.",Positive
fb_0420,2025-05-30 17:06:01.026996,"The product is okay, it does the job.",Neutral
fb_0421,2024-11-22 11:06:01.026996,"Great experience, will buy again.",Positive
fb_0422,2025-09-05 22:06:01.026996,The app is so easy to use and very fast.,Positive
fb_0423,2024-11-09 18:06:01.026996,I am very unhappy with the support team.,Negative
fb_0424,2025-03-04 19:06:01.026996,"I love this product, it works perfectly.",Positive
fb_0425,2024-12-06 11:06:01.026996,,Positive
fb_0426,2025-05-21 16:06:01.026996,I am very unhappy with the support team.,Negative
fb_0427,2025-02-22 21:06:01.026996,"Great experience, will buy again.",Positive
fb_0428,2025-07-22 01:06:01.026996,"I love this product, it works perfectly.",Positive
fb_0429,2025-08-20 10:06:01.026996,I am very unhappy with the support team.,Negative
fb_0430,2024-11-21 10:06:01.026996,I am very unhappy with the support team.,Neutral
fb_0431,2025-10-11 03:06:01.026996,Very satisfied with the quick delivery.,Positive
fb_0432,2025-04-26 19:06:01.026996,Product broke after one use. ##TERRIBLE,Negative
fb_0433,2025-01-15 12:06:01.026996,"Great experience, will buy again.",Positive
fb_0434,2025-05-14 19:06:01.026996,The app is so easy to use and very fast.,Positive
fb_0435,2025-10-25 02:06:01.026996,My order arrived late and was damaged.,Negative
fb_0436,2024-10-31 10:06:01.026996,"Great experience, will buy again.",Positive
fb_0437,2025-05-21 22:06:01.026996,"Great experience, will buy again.",Positive
fb_0438,2025-10-10 13:06:01.026996,"Can't find what I'm looking for, navigation is confusing.",Negative
fb_0439,2025-03-12 06:06:01.026996,,Positive
fb_0440,2025-02-15 21:06:01.026996,I haven't used the support team yet.,Neutral
fb_0441,2025-03-29 20:06:01.026996,I am very unhappy with the support team.,Negative
fb_0442,2025-05-14 09:06:01.026996,Very satisfied with the quick delivery.,Positive
fb_0443,2025-04-10 05:06:01.026996,The customer service was excellent!,Positive
fb_0444,2024-12-19 05:06:01.026996,I am very unhappy with the support team.,Negative
fb_0445,2024-11-19 21:06:01.026996,,Positive
fb_0446,2025-10-28 11:06:01.026996,The app is so easy to use and very fast.,Positive
fb_0447,2025-10-16 04:06:01.026996,Product broke after one use. ##TERRIBLE,Negative
fb_0448,2025-01-20 18:06:01.026996,"Great experience, will buy again.",Positive
fb_0449,2025-03-22 20:06:01.026996,The customer service was excellent!,Positive
fb_0450,2024-12-17 16:06:01.026996,Shipping time was average.,Neutral
fb_0451,2025-02-19 03:06:01.026996,Very satisfied with the quick delivery.,Positive
fb_0452,2025-01-13 00:06:01.026996,"I love this product, it works perfectly.",Positive
fb_0453,2025-02-16 16:06:01.026996,My order arrived late and was damaged.,Negative
fb_0454,2024-12-27 21:06:01.026996,"I love this product, it works perfectly.",Positive
fb_0455,2024-12-28 07:06:01.026996,"Great experience, will buy again.",Positive
fb_0456,2025-09-19 06:06:01.026996,"Great experience, will buy again.",Negative
fb_0457,2025-01-17 20:06:01.026996,The app is so easy to use and very fast.,Positive
fb_0458,2025-01-17 04:06:01.026996,The customer service was excellent!,Positive
fb_0459,2025-02-11 13:06:01.026996,My order arrived late and was damaged.,Negative
fb_0460,2025-05-05 14:06:01.026996,"The new update is fine, no major changes.",Neutral
fb_0461,2025-08-06 17:06:01.026996,"Great experience, will buy again.",Positive
fb_0462,2025-02-18 19:06:01.026996,"Can't find what I'm looking for, navigation is confusing.",Negative
fb_0463,2025-09-28 08:06:01.026996,"Great experience, will buy again.",Positive
fb_0464,2025-06-10 21:06:01.026996,The customer service was excellent!,Positive
fb_0465,2025-06-20 18:06:01.026996,"Can't find what I'm looking for, navigation is confusing.",Negative
fb_0466,2025-08-02 06:06:01.026996,"Great experience, will buy again.",Positive
fb_0467,2025-07-26 14:06:01.026996,The app is so easy to use and very fast.,Positive
fb_0468,2025-02-26 12:06:01.026996,I am very unhappy with the support team.,Negative
fb_0469,2024-11-12 03:06:01.026996,,Positive
fb_0470,2025-10-09 02:06:01.026996,I haven't used the support team yet.,Neutral
fb_0471,2025-02-20 19:06:01.026996,I am very unhappy with the support team.,Negative
fb_0472,2025-01-09 11:06:01.026996,,Positive
fb_0473,2024-11-05 15:06:01.026996,The customer service was excellent!,Positive
fb_0474,2025-07-20 02:06:01.026996,The website is #awful and slow.,Negative
fb_0475,2025-01-19 01:06:01.026996,The website is #awful and slow.,Positive
fb_0476,2025-09-20 13:06:01.026996,Very satisfied with the quick delivery.,Positive
fb_0477,2025-09-15 19:06:01.026996,"Can't find what I'm looking for, navigation is confusing.",Negative
fb_0478,2025-02-12 08:06:01.026996,The app is so easy to use and very fast.,Positive
fb_0479,2025-04-30 17:06:01.026996,The customer service was excellent!,Positive
fb_0480,2024-12-06 13:06:01.026996,"The product is okay, it does the job.",Neutral
fb_0481,2025-02-03 16:06:01.026996,The customer service was excellent!,Positive
fb_0482,2025-04-07 01:06:01.026996,Very satisfied with the quick delivery.,Positive
fb_0483,2025-10-23 17:06:01.026996,"Can't find what I'm looking for, navigation is confusing.",Negative
fb_0484,2025-05-18 17:06:01.026996,"Great experience, will buy again.",Positive
fb_0485,2024-11-21 03:06:01.026996,The customer service was excellent!,Positive
fb_0486,2025-01-02 04:06:01.026996,The website is #awful and slow.,Negative
fb_0487,2025-08-02 21:06:01.026996,"I love this product, it works perfectly.",Positive
fb_0488,2025-04-11 08:06:01.026996,The app is so easy to use and very fast.,Positive
fb_0489,2025-03-19 04:06:01.026996,"Can't find what I'm looking for, navigation is confusing.",Negative
fb_0490,2025-03-06 11:06:01.026996,"The new update is fine, no major changes.",Neutral
fb_0491,2025-03-31 15:06:01.026996,The app is so easy to use and very fast.,Positive
fb_0492,2025-10-12 16:06:01.026996,Product broke after one use. ##TERRIBLE,Negative
fb_0493,2025-04-27 17:06:01.026996,The customer service was excellent!,Positive
fb_0494,2025-01-01 22:06:01.026996,The customer service was excellent!,Positive
fb_0495,2025-04-07 23:06:01.026996,I am very unhappy with the support team.,Negative
fb_0496,2025-08-01 12:06:01.026996,The customer service was excellent!,Positive
fb_0497,2025-01-05 12:06:01.026996,The app is so easy to use and very fast.,Positive
fb_0498,2025-06-03 23:06:01.026996,The app is so easy to use and very fast.,Negative
fb_0499,2025-08-09 00:06:01.026996,The customer service was excellent!,Positive
fb_0500,2025-05-13 14:06:01.026996,"The product is okay, it does the job.",Neutral
fb_0501,2025-09-17 19:06:01.026996,I am very unhappy with the support team.,Negative
fb_0502,2024-12-26 17:06:01.026996,"I love this product, it works perfectly.",Positive
fb_0503,2024-11-03 20:06:01.026996,The app is so easy to use and very fast.,Positive
fb_0504,2025-03-04 09:06:01.026996,"Can't find what I'm looking for, navigation is confusing.",Negative
fb_0505,2024-12-08 16:06:01.026996,The app is so easy to use and very fast.,Positive
fb_0506,2025-08-17 00:06:01.026996,,Positive
fb_0507,2025-03-25 16:06:01.026996,I am very unhappy with the support team.,Negative
fb_0508,2025-01-16 03:06:01.026996,"I love this product, it works perfectly.",Positive
fb_0509,2025-01-11 16:06:01.026996,Very satisfied with the quick delivery.,Positive
fb_0510,2025-02-20 07:06:01.026996,The price is fair for what you get.,Neutral
fb_0511,2025-02-06 10:06:01.026996,"Great experience, will buy again.",Positive
fb_0512,2025-08-30 15:06:01.026996,The customer service was excellent!,Positive
fb_0513,2025-09-16 19:06:01.026996,The customer service was excellent!,Negative
fb_0514,2025-04-24 15:06:01.026996,"Great experience, will buy again.",Positive
fb_0515,2025-01-20 21:06:01.026996,The app is so easy to use and very fast.,Positive
fb_0516,2025-10-19 06:06:01.026996,Product broke after one use. ##TERRIBLE,Negative
fb_0517,2025-08-21 12:06:01.026996,"I love this product, it works perfectly.",Positive
fb_0518,2025-07-02 03:06:01.026996,Very satisfied with the quick delivery.,Positive
fb_0519,2025-06-05 22:06:01.026996,Product broke after one use. ##TERRIBLE,Negative
fb_0520,2025-07-31 16:06:01.026996,I haven't used the support team yet.,Neutral
fb_0521,2024-12-18 22:06:01.026996,"Great experience, will buy again.",Positive
fb_0522,2025-03-08 05:06:01.026996,The website is #awful and slow.,Negative
fb_0523,2025-08-26 07:06:01.026996,The app is so easy to use and very fast.,Positive
fb_0524,2025-03-17 15:06:01.026996,The customer service was excellent!,Positive
fb_0525,2024-11-29 08:06:01.026996,My order arrived late and was damaged.,Negative
fb_0526,2025-06-20 11:06:01.026996,"Great experience, will buy again.",Positive
fb_0527,2025-02-06 11:06:01.026996,The customer service was excellent!,Positive
fb_0528,2025-03-26 16:06:01.026996,The website is #awful and slow.,Negative
fb_0529,2025-10-14 13:06:01.026996,"Great experience, will buy again.",Positive
fb_0530,2024-11-04 20:06:01.026996,I haven't used the support team yet.,Neutral
fb_0531,2025-01-13 00:06:01.026996,The website is #awful and slow.,Negative
fb_0532,2024-12-11 18:06:01.026996,The customer service was excellent!,Positive
fb_0533,2024-12-16 05:06:01.026996,Very satisfied with the quick delivery.,Positive
fb_0534,2025-08-10 16:06:01.026996,Very satisfied with the quick delivery.,Negative
fb_0535,2024-12-18 18:06:01.026996,"Great experience, will buy again.",Positive
fb_0536,2025-05-19 13:06:01.026996,"Great experience, will buy again.",Positive
fb_0537,2025-06-27 06:06:01.026996,The website is #awful and slow.,Negative
fb_0538,2025-05-26 04:06:01.026996,"I love this product, it works perfectly.",Positive
fb_0539,2025-03-30 04:06:01.026996,,Positive
fb_0540,2025-01-13 16:06:01.026996,I haven't used the support team yet.,Neutral
fb_0541,2025-08-09 19:06:01.026996,The customer service was excellent!,Positive
fb_0542,2025-07-06 23:06:01.026996,The customer service was excellent!,Positive
fb_0543,2025-04-01 22:06:01.026996,The website is #awful and slow.,Negative
fb_0544,2024-11-13 23:06:01.026996,The customer service was excellent!,Positive
fb_0545,2025-02-05 23:06:01.026996,Very satisfied with the quick delivery.,Positive
fb_0546,2025-10-25 22:06:01.026996,My order arrived late and was damaged.,Negative
fb_0547,2025-09-24 14:06:01.026996,The customer service was excellent!,Positive
fb_0548,2025-05-07 10:06:01.026996,The customer service was excellent!,Positive
fb_0549,2025-06-25 01:06:01.026996,,Negative
fb_0550,2025-01-22 08:06:01.026996,"The product is okay, it does the job.",Neutral
fb_0551,2025-08-25 19:06:01.026996,"I love this product, it works perfectly.",Positive
fb_0552,2025-05-09 16:06:01.026996,,Negative
fb_0553,2025-10-03 15:06:01.026996,The app is so easy to use and very fast.,Positive
fb_0554,2025-02-13 18:06:01.026996,"I love this product, it works perfectly.",Positive
fb_0555,2025-02-11 02:06:01.026996,I am very unhappy with the support team.,Negative
fb_0556,2025-10-11 08:06:01.026996,The customer service was excellent!,Positive
fb_0557,2025-10-20 03:06:01.026996,The customer service was excellent!,Positive
fb_0558,2024-11-08 19:06:01.026996,,Negative
fb_0559,2025-09-20 04:06:01.026996,"Great experience, will buy again.",Positive
fb_0560,2025-09-20 22:06:01.026996,"The product is okay, it does the job.",Neutral
fb_0561,2025-09-22 22:06:01.026996,Product broke after one use. ##TERRIBLE,Negative
fb_0562,2025-09-04 23:06:01.026996,"I love this product, it works perfectly.",Positive
fb_0563,2024-12-24 10:06:01.026996,The app is so easy to use and very fast.,Positive
fb_0564,2024-12-05 16:06:01.026996,"Can't find what I'm looking for, navigation is confusing.",Negative
fb_0565,2025-06-09 13:06:01.026996,"Great experience, will buy again.",Positive
fb_0566,2025-06-06 13:06:01.026996,Very satisfied with the quick delivery.,Positive
fb_0567,2025-10-18 19:06:01.026996,My order arrived late and was damaged.,Negative
fb_0568,2025-01-23 04:06:01.026996,The app is so easy to use and very fast.,Positive
fb_0569,2025-08-01 08:06:01.026996,Very satisfied with the quick delivery.,Positive
fb_0570,2025-03-07 21:06:01.026996,"The new update is fine, no major changes.",Neutral
fb_0571,2025-07-23 17:06:01.026996,"Great experience, will buy again.",Positive
fb_0572,2025-05-07 05:06:01.026996,Very satisfied with the quick delivery.,Positive
fb_0573,2025-01-09 13:06:01.026996,The website is #awful and slow.,Negative
fb_0574,2025-05-27 03:06:01.026996,The customer service was excellent!,Positive
fb_0575,2025-03-25 22:06:01.026996,The customer service was excellent!,Positive
fb_0576,2025-03-24 02:06:01.026996,My order arrived late and was damaged.,Negative
fb_0577,2025-06-27 20:06:01.026996,,Positive
fb_0578,2025-10-13 08:06:01.026996,"I love this product, it works perfectly.",Positive
fb_0579,2024-12-29 07:06:01.026996,"Can't find what I'm looking for, navigation is confusing.",Negative
fb_0580,2025-01-11 10:06:01.026996,"The product is okay, it does the job.",Neutral
fb_0581,2024-12-06 10:06:01.026996,"I love this product, it works perfectly.",Positive
fb_0582,2024-11-01 03:06:01.026996,The website is #awful and slow.,Negative
fb_0583,2025-07-10 10:06:01.026996,"Great experience, will buy again.",Positive
fb_0584,2025-09-24 14:06:01.026996,"Great experience, will buy again.",Positive
fb_0585,2025-10-24 08:06:01.026996,"Can't find what I'm looking for, navigation is confusing.",Negative
fb_0586,2025-07-22 05:06:01.026996,"I love this product, it works perfectly.",Positive
fb_0587,2025-08-04 19:06:01.026996,The app is so easy to use and very fast.,Positive
fb_0588,2025-06-12 23:06:01.026996,Product broke after one use. ##TERRIBLE,Negative
fb_0589,2025-10-28 16:06:01.026996,Very satisfied with the quick delivery.,Positive
fb_0590,2025-02-04 06:06:01.026996,I haven't used the support team yet.,Neutral
fb_0591,2025-10-29 22:06:01.026996,I haven't used the support team yet.,Negative
fb_0592,2025-06-04 14:06:01.026996,The customer service was excellent!,Positive
fb_0593,2025-06-24 04:06:01.026996,The customer service was excellent!,Positive
fb_0594,2025-07-16 23:06:01.026996,My order arrived late and was damaged.,Negative
fb_0595,2024-11-12 13:06:01.026996,"Great experience, will buy again.",Positive
fb_0596,2025-03-20 20:06:01.026996,"I love this product, it works perfectly.",Positive
fb_0597,2024-12-06 03:06:01.026996,Product broke after one use. ##TERRIBLE,Negative
fb_0598,2025-06-01 04:06:01.026996,Product broke after one use. ##TERRIBLE,Positive
fb_0599,2025-01-10 00:06:01.026996,The app is so easy to use and very fast.,Positive
fb_0600,2025-06-24 06:06:01.026996,"The product is okay, it does the job.",Neutral
fb_0601,2025-03-26 07:06:01.026996,The customer service was excellent!,Positive
fb_0602,2025-01-23 13:06:01.026996,"Great experience, will buy again.",Positive
fb_0603,2024-11-06 02:06:01.026996,The website is #awful and slow.,Negative
fb_0604,2024-11-02 02:06:01.026996,"Great experience, will buy again.",Positive
fb_0605,2024-11-28 02:06:01.026996,Very satisfied with the quick delivery.,Positive
fb_0606,2024-11-08 22:06:01.026996,The website is #awful and slow.,Negative
fb_0607,2024-12-24 15:06:01.026996,The app is so easy to use and very fast.,Positive
fb_0608,2025-02-19 04:06:01.026996,Very satisfied with the quick delivery.,Positive
fb_0609,2025-06-18 08:06:01.026996,Very satisfied with the quick delivery.,Negative
fb_0610,2024-12-16 08:06:01.026996,"The new update is fine, no major changes.",Neutral
fb_0611,2025-05-12 07:06:01.026996,The customer service was excellent!,Positive
fb_0612,2025-05-13 14:06:01.026996,The website is #awful and slow.,Negative
fb_0613,2025-08-10 23:06:01.026996,"Great experience, will buy again.",Positive
fb_0614,2024-12-09 04:06:01.026996,"Great experience, will buy again.",Positive
fb_0615,2024-12-26 18:06:01.026996,I am very unhappy with the support team.,Negative
fb_0616,2025-05-18 18:06:01.026996,"Great experience, will buy again.",Positive
fb_0617,2025-07-25 17:06:01.026996,Very satisfied with the quick delivery.,Positive
fb_0618,2025-07-13 17:06:01.026996,"Can't find what I'm looking for, navigation is confusing.",Negative
fb_0619,2025-07-28 11:06:01.026996,"Great experience, will buy again.",Positive
fb_0620,2025-09-14 18:06:01.026996,"The new update is fine, no major changes.",Neutral
fb_0621,2025-03-11 09:06:01.026996,I am very unhappy with the support team.,Negative
fb_0622,2025-08-06 16:06:01.026996,The customer service was excellent!,Positive
fb_0623,2025-03-02 08:06:01.026996,"I love this product, it works perfectly.",Positive
fb_0624,2025-01-23 14:06:01.026996,"I love this product, it works perfectly.",Negative
fb_0625,2024-12-03 08:06:01.026996,"I love this product, it works perfectly.",Positive
fb_0626,2025-05-01 23:06:01.026996,"I love this product, it works perfectly.",Positive
fb_0627,2025-07-12 22:06:01.026996,,Negative
fb_0628,2025-06-18 01:06:01.026996,The app is so easy to use and very fast.,Positive
fb_0629,2025-04-27 23:06:01.026996,The customer service was excellent!,Positive
fb_0630,2025-03-01 12:06:01.026996,The price is fair for what you get.,Neutral
fb_0631,2024-11-06 15:06:01.026996,"Great experience, will buy again.",Positive
fb_0632,2024-11-16 03:06:01.026996,The customer service was excellent!,Positive
fb_0633,2025-03-21 11:06:01.026996,"Can't find what I'm looking for, navigation is confusing.",Negative
fb_0634,2025-09-25 02:06:01.026996,The customer service was excellent!,Positive
fb_0635,2025-03-02 21:06:01.026996,"I love this product, it works perfectly.",Positive
fb_0636,2024-12-02 05:06:01.026996,The website is #awful and slow.,Negative
fb_0637,2025-06-02 12:06:01.026996,"I love this product, it works perfectly.",Positive
fb_0638,2025-04-27 08:06:01.026996,The app is so easy to use and very fast.,Positive
fb_0639,2025-05-21 19:06:01.026996,Product broke after one use. ##TERRIBLE,Negative
fb_0640,2024-12-15 23:06:01.026996,I haven't used the support team yet.,Neutral
fb_0641,2024-11-10 02:06:01.026996,Very satisfied with the quick delivery.,Positive
fb_0642,2025-06-23 12:06:01.026996,The website is #awful and slow.,Negative
fb_0643,2025-08-29 10:06:01.026996,The app is so easy to use and very fast.,Positive
fb_0644,2025-01-06 13:06:01.026996,The customer service was excellent!,Positive
fb_0645,2025-02-17 13:06:01.026996,Product broke after one use. ##TERRIBLE,Negative
fb_0646,2025-08-06 08:06:01.026996,Very satisfied with the quick delivery.,Positive
fb_0647,2025-07-03 00:06:01.026996,"I love this product, it works perfectly.",Positive
fb_0648,2025-07-30 10:06:01.026996,The website is #awful and slow.,Negative
fb_0649,2025-03-02 09:06:01.026996,The website is #awful and slow.,Positive
fb_0650,2025-04-22 00:06:01.026996,"The product is okay, it does the job.",Neutral
fb_0651,2025-03-12 17:06:01.026996,The website is #awful and slow.,Negative
fb_0652,2025-02-10 02:06:01.026996,The app is so easy to use and very fast.,Positive
fb_0653,2024-11-20 05:06:01.026996,"Great experience, will buy again.",Positive
fb_0654,2025-10-14 06:06:01.026996,My order arrived late and was damaged.,Negative
fb_0655,2025-04-15 09:06:01.026996,The app is so easy to use and very fast.,Positive
fb_0656,2025-02-18 08:06:01.026996,"I love this product, it works perfectly.",Positive
fb_0657,2025-02-08 12:06:01.026996,The website is #awful and slow.,Negative
fb_0658,2025-07-06 12:06:01.026996,"I love this product, it works perfectly.",Positive
fb_0659,2025-01-07 19:06:01.026996,,Positive
fb_0660,2025-01-02 22:06:01.026996,Shipping time was average.,Neutral
fb_0661,2025-01-14 08:06:01.026996,"I love this product, it works perfectly.",Positive
fb_0662,2025-06-27 18:06:01.026996,"I love this product, it works perfectly.",Positive
fb_0663,2024-11-11 23:06:01.026996,The website is #awful and slow.,Negative
fb_0664,2025-04-08 15:06:01.026996,Very satisfied with the quick delivery.,Positive
fb_0665,2024-11-30 10:06:01.026996,"Great experience, will buy again.",Positive
fb_0666,2025-07-19 17:06:01.026996,Product broke after one use. ##TERRIBLE,Negative
fb_0667,2025-02-23 10:06:01.026996,Very satisfied with the quick delivery.,Positive
fb_0668,2025-09-16 17:06:01.026996,"Great experience, will buy again.",Positive
fb_0669,2024-12-26 10:06:01.026996,"Great experience, will buy again.",Negative
fb_0670,2025-08-22 09:06:01.026996,Shipping time was average.,Neutral
fb_0671,2025-01-03 23:06:01.026996,The customer service was excellent!,Positive
fb_0672,2025-08-10 11:06:01.026996,I am very unhappy with the support team.,Negative
fb_0673,2025-05-15 17:06:01.026996,"Great experience, will buy again.",Positive
fb_0674,2025-01-06 14:06:01.026996,"I love this product, it works perfectly.",Positive
fb_0675,2024-12-17 20:06:01.026996,Product broke after one use. ##TERRIBLE,Negative
fb_0676,2025-10-09 08:06:01.026996,Very satisfied with the quick delivery.,Positive
fb_0677,2025-08-03 16:06:01.026996,Very satisfied with the quick delivery.,Positive
fb_0678,2024-12-21 12:06:01.026996,My order arrived late and was damaged.,Negative
fb_0679,2025-01-07 11:06:01.026996,The customer service was excellent!,Positive
fb_0680,2025-02-22 02:06:01.026996,The customer service was excellent!,Neutral
fb_0681,2025-08-12 10:06:01.026996,The website is #awful and slow.,Negative
fb_0682,2025-09-26 18:06:01.026996,The app is so easy to use and very fast.,Positive
fb_0683,2024-11-01 18:06:01.026996,,Positive
fb_0684,2025-07-21 23:06:01.026996,My order arrived late and was damaged.,Negative
fb_0685,2025-05-30 08:06:01.026996,The app is so easy to use and very fast.,Positive
fb_0686,2024-11-30 03:06:01.026996,The app is so easy to use and very fast.,Positive
fb_0687,2024-12-14 21:06:01.026996,Product broke after one use. ##TERRIBLE,Negative
fb_0688,2024-11-14 11:06:01.026996,"Great experience, will buy again.",Positive
fb_0689,2024-12-03 03:06:01.026996,The customer service was excellent!,Positive
fb_0690,2025-01-21 11:06:01.026996,The price is fair for what you get.,Neutral
fb_0691,2025-03-11 22:06:01.026996,The price is fair for what you get.,Positive
fb_0692,2025-04-14 11:06:01.026996,"I love this product, it works perfectly.",Positive
fb_0693,2025-10-28 03:06:01.026996,The website is #awful and slow.,Negative
fb_0694,2025-09-14 12:06:01.026996,"I love this product, it works perfectly.",Positive
fb_0695,2025-02-27 08:06:01.026996,"I love this product, it works perfectly.",Positive
fb_0696,2024-11-30 15:06:01.026996,"Can't find what I'm looking for, navigation is confusing.",Negative
fb_0697,2025-02-12 00:06:01.026996,Very satisfied with the quick delivery.,Positive
fb_0698,2025-03-15 04:06:01.026996,,Positive
fb_0699,2024-12-17 21:06:01.026996,I am very unhappy with the support team.,Negative
fb_0700,2025-07-24 02:06:01.026996,,Neutral
fb_0701,2025-10-13 16:06:01.026996,,Positive
fb_0702,2025-01-23 01:06:01.026996,I am very unhappy with the support team.,Negative
fb_0703,2025-04-25 04:06:01.026996,Very satisfied with the quick delivery.,Positive
fb_0704,2024-12-19 02:06:01.026996,"Great experience, will buy again.",Positive
fb_0705,2025-06-19 13:06:01.026996,The website is #awful and slow.,Negative
fb_0706,2025-09-24 12:06:01.026996,The customer service was excellent!,Positive
fb_0707,2025-05-28 13:06:01.026996,"Great experience, will buy again.",Positive
fb_0708,2025-03-10 19:06:01.026996,I am very unhappy with the support team.,Negative
fb_0709,2024-12-27 19:06:01.026996,Very satisfied with the quick delivery.,Positive
fb_0710,2025-07-12 21:06:01.026996,Shipping time was average.,Neutral
fb_0711,2025-07-20 17:06:01.026996,My order arrived late and was damaged.,Negative
fb_0712,2025-04-27 06:06:01.026996,"Great experience, will buy again.",Positive
fb_0713,2025-08-24 22:06:01.026996,The app is so easy to use and very fast.,Positive
fb_0714,2025-04-09 06:06:01.026996,I am very unhappy with the support team.,Negative
fb_0715,2025-08-04 05:06:01.026996,The customer service was excellent!,Positive
fb_0716,2025-01-17 11:06:01.026996,"Great experience, will buy again.",Positive
fb_0717,2024-11-15 09:06:01.026996,,Negative
fb_0718,2025-06-17 13:06:01.026996,"Great experience, will buy again.",Positive
fb_0719,2025-08-27 01:06:01.026996,"I love this product, it works perfectly.",Positive
fb_0720,2025-02-01 09:06:01.026996,Shipping time was average.,Neutral
fb_0721,2025-07-26 13:06:01.026996,Very satisfied with the quick delivery.,Positive
fb_0722,2024-12-11 13:06:01.026996,"I love this product, it works perfectly.",Positive
fb_0723,2025-06-13 16:06:01.026996,The website is #awful and slow.,Negative
fb_0724,2025-08-23 08:06:01.026996,The customer service was excellent!,Positive
fb_0725,2025-09-09 22:06:01.026996,The app is so easy to use and very fast.,Positive
fb_0726,2025-07-01 11:06:01.026996,My order arrived late and was damaged.,Negative
fb_0727,2025-08-03 00:06:01.026996,My order arrived late and was damaged.,Positive
fb_0728,2025-01-03 17:06:01.026996,"I love this product, it works perfectly.",Positive
fb_0729,2025-01-04 13:06:01.026996,My order arrived late and was damaged.,Negative
fb_0730,2025-02-11 00:06:01.026996,The price is fair for what you get.,Neutral
fb_0731,2025-08-30 06:06:01.026996,Very satisfied with the quick delivery.,Positive
fb_0732,2025-04-01 15:06:01.026996,"Can't find what I'm looking for, navigation is confusing.",Negative
fb_0733,2025-01-14 23:06:01.026996,Very satisfied with the quick delivery.,Positive
fb_0734,2025-06-06 17:06:01.026996,The app is so easy to use and very fast.,Positive
fb_0735,2025-02-24 20:06:01.026996,The website is #awful and slow.,Negative
fb_0736,2025-07-30 11:06:01.026996,"I love this product, it works perfectly.",Positive
fb_0737,2024-11-23 09:06:01.026996,The customer service was excellent!,Positive
fb_0738,2024-12-19 07:06:01.026996,The customer service was excellent!,Negative
fb_0739,2025-08-19 21:06:01.026996,"I love this product, it works perfectly.",Positive
fb_0740,2025-02-08 15:06:01.026996,"The new update is fine, no major changes.",Neutral
fb_0741,2025-08-02 08:06:01.026996,My order arrived late and was damaged.,Negative
fb_0742,2024-11-19 22:06:01.026996,The customer service was excellent!,Positive
fb_0743,2025-01-30 14:06:01.026996,The customer service was excellent!,Positive
fb_0744,2025-01-14 18:06:01.026996,I am very unhappy with the support team.,Negative
fb_0745,2025-01-07 00:06:01.026996,The customer service was excellent!,Positive
fb_0746,2025-03-09 11:06:01.026996,"Great experience, will buy again.",Positive
fb_0747,2025-03-04 21:06:01.026996,Product broke after one use. ##TERRIBLE,Negative
fb_0748,2025-07-05 19:06:01.026996,The customer service was excellent!,Positive
fb_0749,2024-12-14 10:06:01.026996,Very satisfied with the quick delivery.,Positive
fb_0750,2024-11-28 05:06:01.026996,"The product is okay, it does the job.",Neutral
fb_0751,2025-10-12 15:06:01.026996,"Great experience, will buy again.",Positive
fb_0752,2025-01-28 14:06:01.026996,Very satisfied with the quick delivery.,Positive
fb_0753,2025-07-26 06:06:01.026996,I am very unhappy with the support team.,Negative
fb_0754,2025-06-01 22:06:01.026996,"I love this product, it works perfectly.",Positive
fb_0755,2025-09-05 18:06:01.026996,The customer service was excellent!,Positive
fb_0756,2025-03-05 06:06:01.026996,My order arrived late and was damaged.,Negative
fb_0757,2025-10-03 05:06:01.026996,The app is so easy to use and very fast.,Positive
fb_0758,2025-04-06 16:06:01.026996,"Great experience, will buy again.",Positive
fb_0759,2025-01-31 08:06:01.026996,"Can't find what I'm looking for, navigation is confusing.",Negative
fb_0760,2025-01-12 11:06:01.026996,"The product is okay, it does the job.",Neutral
fb_0761,2025-02-27 18:06:01.026996,"The product is okay, it does the job.",Positive
fb_0762,2025-08-07 08:06:01.026996,My order arrived late and was damaged.,Negative
fb_0763,2025-07-28 13:06:01.026996,"Great experience, will buy again.",Positive
fb_0764,2025-04-11 04:06:01.026996,"I love this product, it works perfectly.",Positive
fb_0765,2024-11-30 02:06:01.026996,I am very unhappy with the support team.,Negative
fb_0766,2025-08-25 23:06:01.026996,I am very unhappy with the support team.,Positive
fb_0767,2025-07-05 23:06:01.026996,The app is so easy to use and very fast.,Positive
fb_0768,2025-04-17 22:06:01.026996,My order arrived late and was damaged.,Negative
fb_0769,2025-03-28 08:06:01.026996,The app is so easy to use and very fast.,Positive
fb_0770,2025-08-22 08:06:01.026996,"The new update is fine, no major changes.",Neutral
fb_0771,2025-07-13 00:06:01.026996,My order arrived late and was damaged.,Negative
fb_0772,2025-01-26 13:06:01.026996,"Great experience, will buy again.",Positive
fb_0773,2025-06-11 23:06:01.026996,"I love this product, it works perfectly.",Positive
fb_0774,2025-09-12 18:06:01.026996,My order arrived late and was damaged.,Negative
fb_0775,2025-08-14 09:06:01.026996,The customer service was excellent!,Positive
fb_0776,2025-01-22 17:06:01.026996,Very satisfied with the quick delivery.,Positive
fb_0777,2025-07-18 00:06:01.026996,I am very unhappy with the support team.,Negative
fb_0778,2025-01-13 23:06:01.026996,,Positive
fb_0779,2025-01-09 08:06:01.026996,Very satisfied with the quick delivery.,Positive
fb_0780,2025-05-22 01:06:01.026996,"The new update is fine, no major changes.",Neutral
fb_0781,2024-11-29 19:06:01.026996,Very satisfied with the quick delivery.,Positive
fb_0782,2025-01-05 00:06:01.026996,Very satisfied with the quick delivery.,Positive
fb_0783,2024-11-28 11:06:01.026996,Product broke after one use. ##TERRIBLE,Negative
fb_0784,2025-04-19 05:06:01.026996,Very satisfied with the quick delivery.,Positive
fb_0785,2025-10-14 01:06:01.026996,The app is so easy to use and very fast.,Positive
fb_0786,2025-02-20 05:06:01.026996,I am very unhappy with the support team.,Negative
fb_0787,2024-11-19 12:06:01.026996,The app is so easy to use and very fast.,Positive
fb_0788,2025-08-27 15:06:01.026996,"I love this product, it works perfectly.",Positive
fb_0789,2025-07-02 00:06:01.026996,The website is #awful and slow.,Negative
fb_0790,2025-01-03 00:06:01.026996,"The product is okay, it does the job.",Neutral
fb_0791,2025-04-22 21:06:01.026996,Very satisfied with the quick delivery.,Positive
fb_0792,2024-12-22 12:06:01.026996,The website is #awful and slow.,Negative
fb_0793,2025-01-28 15:06:01.026996,"Great experience, will buy again.",Positive
fb_0794,2025-07-05 01:06:01.026996,Very satisfied with the quick delivery.,Positive
fb_0795,2025-08-07 12:06:01.026996,The website is #awful and slow.,Negative
fb_0796,2025-04-08 18:06:01.026996,"I love this product, it works perfectly.",Positive
fb_0797,2024-12-06 11:06:01.026996,Very satisfied with the quick delivery.,Positive
fb_0798,2025-09-30 21:06:01.026996,"Can't find what I'm looking for, navigation is confusing.",Negative
fb_0799,2025-07-30 05:06:01.026996,Very satisfied with the quick delivery.,Positive
fb_0800,2025-06-30 12:06:01.026996,The price is fair for what you get.,Neutral
fb_0801,2025-10-19 16:06:01.026996,My order arrived late and was damaged.,Negative
fb_0802,2024-11-08 11:06:01.026996,,Positive
fb_0803,2025-07-20 12:06:01.026996,"Great experience, will buy again.",Positive
fb_0804,2025-08-06 15:06:01.026996,I am very unhappy with the support team.,Negative
fb_0805,2025-08-02 23:06:01.026996,"I love this product, it works perfectly.",Positive
fb_0806,2025-05-11 01:06:01.026996,"I love this product, it works perfectly.",Positive
fb_0807,2025-05-13 01:06:01.026996,The website is #awful and slow.,Negative
fb_0808,2025-07-01 18:06:01.026996,The app is so easy to use and very fast.,Positive
fb_0809,2025-03-30 16:06:01.026996,The customer service was excellent!,Positive
fb_0810,2025-08-22 22:06:01.026996,Shipping time was average.,Neutral
fb_0811,2025-08-22 17:06:01.026996,The customer service was excellent!,Positive
fb_0812,2025-01-12 06:06:01.026996,"Great experience, will buy again.",Positive
fb_0813,2025-05-11 01:06:01.026996,I am very unhappy with the support team.,Negative
fb_0814,2025-01-05 21:06:01.026996,Very satisfied with the quick delivery.,Positive
fb_0815,2025-07-25 22:06:01.026996,The app is so easy to use and very fast.,Positive
fb_0816,2025-02-09 01:06:01.026996,"Can't find what I'm looking for, navigation is confusing.",Negative
fb_0817,2025-07-11 03:06:01.026996,The customer service was excellent!,Positive
fb_0818,2025-10-24 18:06:01.026996,Very satisfied with the quick delivery.,Positive
fb_0819,2025-07-04 06:06:01.026996,My order arrived late and was damaged.,Negative
fb_0820,2024-11-14 18:06:01.026996,"The new update is fine, no major changes.",Neutral
fb_0821,2024-12-27 16:06:01.026996,"I love this product, it works perfectly.",Positive
fb_0822,2025-06-14 07:06:01.026996,My order arrived late and was damaged.,Negative
fb_0823,2024-12-27 05:06:01.026996,"I love this product, it works perfectly.",Positive
fb_0824,2025-10-08 22:06:01.026996,"I love this product, it works perfectly.",Positive
fb_0825,2024-11-03 11:06:01.026996,My order arrived late and was damaged.,Negative
fb_0826,2025-06-29 00:06:01.026996,The app is so easy to use and very fast.,Positive
fb_0827,2025-10-20 02:06:01.026996,"I love this product, it works perfectly.",Positive
fb_0828,2025-04-12 09:06:01.026996,"I love this product, it works perfectly.",Negative
fb_0829,2025-09-28 11:06:01.026996,The app is so easy to use and very fast.,Positive
fb_0830,2024-12-31 05:06:01.026996,"The product is okay, it does the job.",Neutral
fb_0831,2025-08-31 23:06:01.026996,I am very unhappy with the support team.,Negative
fb_0832,2025-09-22 16:06:01.026996,"Great experience, will buy again.",Positive
fb_0833,2025-08-05 00:06:01.026996,"Great experience, will buy again.",Positive
fb_0834,2025-09-17 09:06:01.026996,I am very unhappy with the support team.,Negative
fb_0835,2024-12-24 01:06:01.026996,Very satisfied with the quick delivery.,Positive
fb_0836,2024-10-31 14:06:01.026996,Very satisfied with the quick delivery.,Positive
fb_0837,2025-03-21 01:06:01.026996,Product broke after one use. ##TERRIBLE,Negative
fb_0838,2025-09-25 12:06:01.026996,Very satisfied with the quick delivery.,Positive
fb_0839,2024-12-31 17:06:01.026996,"Great experience, will buy again.",Positive
fb_0840,2025-04-17 00:06:01.026996,I haven't used the support team yet.,Neutral
fb_0841,2025-06-05 09:06:01.026996,The app is so easy to use and very fast.,Positive
fb_0842,2025-09-11 08:06:01.026996,"Great experience, will buy again.",Positive
fb_0843,2025-07-23 00:06:01.026996,,Negative
fb_0844,2024-12-24 16:06:01.026996,The app is so easy to use and very fast.,Positive
fb_0845,2025-04-26 18:06:01.026996,The customer service was excellent!,Positive
fb_0846,2025-03-31 02:06:01.026996,Product broke after one use. ##TERRIBLE,Negative
fb_0847,2025-04-22 00:06:01.026996,The app is so easy to use and very fast.,Positive
fb_0848,2025-01-03 16:06:01.026996,The customer service was excellent!,Positive
fb_0849,2025-02-14 23:06:01.026996,The customer service was excellent!,Negative
fb_0850,2025-09-17 11:06:01.026996,Shipping time was average.,Neutral
fb_0851,2025-08-18 06:06:01.026996,,Positive
fb_0852,2024-11-25 05:06:01.026996,My order arrived late and was damaged.,Negative
fb_0853,2024-11-03 18:06:01.026996,The customer service was excellent!,Positive
fb_0854,2025-02-06 04:06:01.026996,"Great experience, will buy again.",Positive
fb_0855,2025-03-25 07:06:01.026996,I am very unhappy with the support team.,Negative
fb_0856,2025-10-11 21:06:01.026996,The app is so easy to use and very fast.,Positive
fb_0857,2024-12-26 15:06:01.026996,"I love this product, it works perfectly.",Positive
fb_0858,2025-05-17 09:06:01.026996,Product broke after one use. ##TERRIBLE,Negative
fb_0859,2025-02-01 19:06:01.026996,"I love this product, it works perfectly.",Positive
fb_0860,2025-09-04 18:06:01.026996,"The product is okay, it does the job.",Neutral
fb_0861,2025-01-01 23:06:01.026996,The website is #awful and slow.,Negative
fb_0862,2025-04-15 08:06:01.026996,Very satisfied with the quick delivery.,Positive
fb_0863,2025-09-20 01:06:01.026996,Very satisfied with the quick delivery.,Positive
fb_0864,2025-04-18 15:06:01.026996,Very satisfied with the quick delivery.,Negative
fb_0865,2025-08-10 12:06:01.026996,"Great experience, will buy again.",Positive
fb_0866,2025-08-31 12:06:01.026996,The app is so easy to use and very fast.,Positive
fb_0867,2025-04-07 04:06:01.026996,My order arrived late and was damaged.,Negative
fb_0868,2025-02-20 21:06:01.026996,The app is so easy to use and very fast.,Positive
fb_0869,2025-04-27 01:06:01.026996,Very satisfied with the quick delivery.,Positive
fb_0870,2025-03-13 09:06:01.026996,"The product is okay, it does the job.",Neutral
fb_0871,2025-10-30 17:06:01.026996,The customer service was excellent!,Positive
fb_0872,2024-12-05 19:06:01.026996,"Great experience, will buy again.",Positive
fb_0873,2025-01-21 02:06:01.026996,,Negative
fb_0874,2025-10-10 07:06:01.026996,"I love this product, it works perfectly.",Positive
fb_0875,2025-10-22 18:06:01.026996,"I love this product, it works perfectly.",Positive
fb_0876,2025-02-15 23:06:01.026996,The website is #awful and slow.,Negative
fb_0877,2025-02-07 20:06:01.026996,The customer service was excellent!,Positive
fb_0878,2024-11-13 16:06:01.026996,Very satisfied with the quick delivery.,Positive
fb_0879,2025-04-27 12:06:01.026996,Very satisfied with the quick delivery.,Negative
fb_0880,2025-04-17 15:06:01.026996,"The new update is fine, no major changes.",Neutral
fb_0881,2025-06-06 21:06:01.026996,,Positive
fb_0882,2025-10-25 17:06:01.026996,"Can't find what I'm looking for, navigation is confusing.",Negative
fb_0883,2025-01-25 05:06:01.026996,Very satisfied with the quick delivery.,Positive
fb_0884,2025-07-25 14:06:01.026996,The app is so easy to use and very fast.,Positive
fb_0885,2024-11-08 15:06:01.026996,,Negative
fb_0886,2025-08-27 03:06:01.026996,"I love this product, it works perfectly.",Positive
fb_0887,2025-05-18 18:06:01.026996,"I love this product, it works perfectly.",Positive
fb_0888,2025-09-29 12:06:01.026996,Product broke after one use. ##TERRIBLE,Negative
fb_0889,2025-04-23 17:06:01.026996,"I love this product, it works perfectly.",Positive
fb_0890,2025-02-08 20:06:01.026996,"The product is okay, it does the job.",Neutral
fb_0891,2025-02-13 04:06:01.026996,I am very unhappy with the support team.,Negative
fb_0892,2025-07-15 08:06:01.026996,The customer service was excellent!,Positive
fb_0893,2025-07-04 14:06:01.026996,"Great experience, will buy again.",Positive
fb_0894,2025-05-17 20:06:01.026996,My order arrived late and was damaged.,Negative
fb_0895,2025-01-08 23:06:01.026996,The app is so easy to use and very fast.,Positive
fb_0896,2025-10-05 08:06:01.026996,"Great experience, will buy again.",Positive
fb_0897,2024-12-21 03:06:01.026996,"Great experience, will buy again.",Negative
fb_0898,2024-12-28 00:06:01.026996,Very satisfied with the quick delivery.,Positive
fb_0899,2025-01-24 22:06:01.026996,"Great experience, will buy again.",Positive
fb_0900,2025-08-25 13:06:01.026996,The price is fair for what you get.,Neutral
fb_0901,2025-10-13 07:06:01.026996,Very satisfied with the quick delivery.,Positive
fb_0902,2024-11-04 13:06:01.026996,"I love this product, it works perfectly.",Positive
fb_0903,2025-03-19 18:06:01.026996,My order arrived late and was damaged.,Negative
fb_0904,2024-12-02 20:06:01.026996,Very satisfied with the quick delivery.,Positive
fb_0905,2024-11-03 11:06:01.026996,"Great experience, will buy again.",Positive
fb_0906,2025-07-15 21:06:01.026996,My order arrived late and was damaged.,Negative
fb_0907,2024-12-22 01:06:01.026996,,Positive
fb_0908,2025-06-05 21:06:01.026996,The customer service was excellent!,Positive
fb_0909,2025-09-20 10:06:01.026996,I am very unhappy with the support team.,Negative
fb_0910,2025-01-21 13:06:01.026996,"The new update is fine, no major changes.",Neutral
fb_0911,2025-07-11 01:06:01.026996,The customer service was excellent!,Positive
fb_0912,2025-07-29 21:06:01.026996,I am very unhappy with the support team.,Negative
fb_0913,2024-11-30 12:06:01.026996,Very satisfied with the quick delivery.,Positive
fb_0914,2025-01-06 04:06:01.026996,The customer service was excellent!,Positive
fb_0915,2025-10-18 02:06:01.026996,I am very unhappy with the support team.,Negative
fb_0916,2025-08-23 07:06:01.026996,"Great experience, will buy again.",Positive
fb_0917,2025-07-26 03:06:01.026996,"Great experience, will buy again.",Positive
fb_0918,2025-09-04 01:06:01.026996,"Can't find what I'm looking for, navigation is confusing.",Negative
fb_0919,2025-05-01 02:06:01.026996,The app is so easy to use and very fast.,Positive
fb_0920,2025-04-14 16:06:01.026996,Shipping time was average.,Neutral
fb_0921,2025-01-29 03:06:01.026996,I am very unhappy with the support team.,Negative
fb_0922,2025-06-14 18:06:01.026996,"I love this product, it works perfectly.",Positive
fb_0923,2025-02-13 04:06:01.026996,"I love this product, it works perfectly.",Positive
fb_0924,2024-11-06 05:06:01.026996,My order arrived late and was damaged.,Negative
fb_0925,2025-10-17 21:06:01.026996,My order arrived late and was damaged.,Positive
fb_0926,2025-09-26 10:06:01.026996,Very satisfied with the quick delivery.,Positive
fb_0927,2025-08-30 03:06:01.026996,I am very unhappy with the support team.,Negative
fb_0928,2025-09-14 01:06:01.026996,The app is so easy to use and very fast.,Positive
fb_0929,2024-11-24 19:06:01.026996,Very satisfied with the quick delivery.,Positive
fb_0930,2025-04-22 17:06:01.026996,Very satisfied with the quick delivery.,Neutral
fb_0931,2025-10-15 03:06:01.026996,The customer service was excellent!,Positive
fb_0932,2025-08-15 20:06:01.026996,"I love this product, it works perfectly.",Positive
fb_0933,2025-05-03 17:06:01.026996,The website is #awful and slow.,Negative
fb_0934,2025-06-15 07:06:01.026996,"I love this product, it works perfectly.",Positive
fb_0935,2025-02-19 01:06:01.026996,The app is so easy to use and very fast.,Positive
fb_0936,2024-11-19 18:06:01.026996,"Can't find what I'm looking for, navigation is confusing.",Negative
fb_0937,2025-07-03 08:06:01.026996,"I love this product, it works perfectly.",Positive
fb_0938,2025-07-06 16:06:01.026996,The customer service was excellent!,Positive
fb_0939,2025-08-12 13:06:01.026996,I am very unhappy with the support team.,Negative
fb_0940,2025-04-18 05:06:01.026996,Shipping time was average.,Neutral
fb_0941,2024-12-05 05:06:01.026996,"I love this product, it works perfectly.",Positive
fb_0942,2025-08-19 23:06:01.026996,Product broke after one use. ##TERRIBLE,Negative
fb_0943,2025-08-02 23:06:01.026996,"I love this product, it works perfectly.",Positive
fb_0944,2025-01-17 18:06:01.026996,"Great experience, will buy again.",Positive
fb_0945,2025-04-15 01:06:01.026996,My order arrived late and was damaged.,Negative
fb_0946,2025-01-25 21:06:01.026996,Very satisfied with the quick delivery.,Positive
fb_0947,2025-09-18 13:06:01.026996,The customer service was excellent!,Positive
fb_0948,2025-02-05 14:06:01.026996,The website is #awful and slow.,Negative
fb_0949,2025-02-20 21:06:01.026996,The customer service was excellent!,Positive
fb_0950,2025-10-28 07:06:01.026996,"The new update is fine, no major changes.",Neutral
fb_0951,2025-09-21 00:06:01.026996,My order arrived late and was damaged.,Negative
fb_0952,2024-11-24 04:06:01.026996,"Great experience, will buy again.",Positive
fb_0953,2025-05-22 18:06:01.026996,,Positive
fb_0954,2025-10-16 16:06:01.026996,The website is #awful and slow.,Negative
fb_0955,2024-11-16 15:06:01.026996,The app is so easy to use and very fast.,Positive
fb_0956,2024-12-18 17:06:01.026996,,Positive
fb_0957,2025-05-14 23:06:01.026996,,Negative
fb_0958,2025-05-01 18:06:01.026996,The customer service was excellent!,Positive
fb_0959,2024-11-02 19:06:01.026996,"I love this product, it works perfectly.",Positive
fb_0960,2025-05-28 04:06:01.026996,Shipping time was average.,Neutral
fb_0961,2024-12-04 19:06:01.026996,"I love this product, it works perfectly.",Positive
fb_0962,2025-05-21 07:06:01.026996,"I love this product, it works perfectly.",Positive
fb_0963,2025-01-22 16:06:01.026996,Product broke after one use. ##TERRIBLE,Negative
fb_0964,2025-07-17 03:06:01.026996,"I love this product, it works perfectly.",Positive
fb_0965,2025-02-09 15:06:01.026996,"I love this product, it works perfectly.",Positive
fb_0966,2024-12-03 06:06:01.026996,My order arrived late and was damaged.,Negative
fb_0967,2024-12-28 07:06:01.026996,,Positive
fb_0968,2025-08-19 22:06:01.026996,Very satisfied with the quick delivery.,Positive
fb_0969,2025-09-25 04:06:01.026996,"Can't find what I'm looking for, navigation is confusing.",Negative
fb_0970,2025-07-03 19:06:01.026996,The price is fair for what you get.,Neutral
fb_0971,2025-06-03 15:06:01.026996,"Great experience, will buy again.",Positive
fb_0972,2025-09-07 21:06:01.026996,Product broke after one use. ##TERRIBLE,Negative
fb_0973,2024-11-30 14:06:01.026996,,Positive
fb_0974,2025-06-28 06:06:01.026996,"I love this product, it works perfectly.",Positive
fb_0975,2025-05-30 19:06:01.026996,"Can't find what I'm looking for, navigation is confusing.",Negative
fb_0976,2025-05-24 16:06:01.026996,The app is so easy to use and very fast.,Positive
fb_0977,2025-05-11 15:06:01.026996,The app is so easy to use and very fast.,Positive
fb_0978,2024-12-06 22:06:01.026996,I am very unhappy with the support team.,Negative
fb_0979,2025-01-27 18:06:01.026996,The customer service was excellent!,Positive
fb_0980,2025-07-01 02:06:01.026996,"The product is okay, it does the job.",Neutral
fb_0981,2025-07-11 07:06:01.026996,I am very unhappy with the support team.,Negative
fb_0982,2025-02-28 20:06:01.026996,The customer service was excellent!,Positive
fb_0983,2025-07-31 01:06:01.026996,Very satisfied with the quick delivery.,Positive
fb_0984,2025-05-15 02:06:01.026996,,Negative
fb_0985,2025-04-08 06:06:01.026996,Very satisfied with the quick delivery.,Positive
fb_0986,2024-11-12 07:06:01.026996,The app is so easy to use and very fast.,Positive
fb_0987,2025-05-23 22:06:01.026996,The website is #awful and slow.,Negative
fb_0988,2024-12-27 21:06:01.026996,The customer service was excellent!,Positive
fb_0989,2025-07-24 22:06:01.026996,"Great experience, will buy again.",Positive
fb_0990,2025-08-24 04:06:01.026996,The price is fair for what you get.,Neutral
fb_0991,2025-10-20 02:06:01.026996,The app is so easy to use and very fast.,Positive
fb_0992,2025-10-20 09:06:01.026996,"I love this product, it works perfectly.",Positive
fb_0993,2025-10-27 11:06:01.026996,The website is #awful and slow.,Negative
fb_0994,2025-10-25 11:06:01.026996,The customer service was excellent!,Positive
fb_0995,2025-08-29 04:06:01.026996,"I love this product, it works perfectly.",Positive
fb_0996,2025-04-18 06:06:01.026996,The website is #awful and slow.,Negative
fb_0997,2025-03-30 20:06:01.026996,"I love this product, it works perfectly.",Positive
fb_0998,2024-12-23 03:06:01.026996,The app is so easy to use and very fast.,Positive
fb_0999,2025-05-09 15:06:01.026996,Product broke after one use. ##TERRIBLE,Negative
fb_1000,2024-11-12 01:06:01.026996,Product broke after one use. ##TERRIBLE,Neutral
fb_1001,2025-07-18 05:06:01.026996,"I love this product, it works perfectly.",Positive
fb_1002,2025-08-13 02:06:01.026996,The website is #awful and slow.,Negative
fb_1003,2025-09-16 16:06:01.026996,The app is so easy to use and very fast.,Positive
fb_1004,2025-08-14 04:06:01.026996,,Positive
fb_1005,2025-07-26 14:06:01.026996,My order arrived late and was damaged.,Negative
fb_1006,2025-01-05 22:06:01.026996,"I love this product, it works perfectly.",Positive
fb_1007,2024-12-14 00:06:01.026996,Very satisfied with the quick delivery.,Positive
fb_1008,2025-04-01 06:06:01.026996,Very satisfied with the quick delivery.,Negative
fb_1009,2024-12-13 14:06:01.026996,Very satisfied with the quick delivery.,Positive
fb_1010,2025-07-09 12:06:01.026996,Shipping time was average.,Neutral
fb_1011,2024-12-31 06:06:01.026996,Product broke after one use. ##TERRIBLE,Negative
fb_1012,2025-02-09 07:06:01.026996,"I love this product, it works perfectly.",Positive
fb_1013,2025-01-03 11:06:01.026996,Very satisfied with the quick delivery.,Positive
fb_1014,2025-09-22 07:06:01.026996,Product broke after one use. ##TERRIBLE,Negative
fb_1015,2025-02-04 09:06:01.026996,"Great experience, will buy again.",Positive
fb_1016,2025-03-16 21:06:01.026996,Very satisfied with the quick delivery.,Positive
fb_1017,2025-08-28 07:06:01.026996,I am very unhappy with the support team.,Negative
fb_1018,2024-12-23 13:06:01.026996,The app is so easy to use and very fast.,Positive
fb_1019,2025-10-28 01:06:01.026996,"Great experience, will buy again.",Positive
fb_1020,2024-12-29 13:06:01.026996,"The product is okay, it does the job.",Neutral
fb_1021,2025-08-17 23:06:01.026996,The customer service was excellent!,Positive
fb_1022,2025-07-16 01:06:01.026996,Very satisfied with the quick delivery.,Positive
fb_1023,2025-02-19 23:06:01.026996,Product broke after one use. ##TERRIBLE,Negative
fb_1024,2025-04-12 19:06:01.026996,Product broke after one use. ##TERRIBLE,Positive
fb_1025,2025-07-14 08:06:01.026996,The customer service was excellent!,Positive
fb_1026,2025-06-20 02:06:01.026996,Product broke after one use. ##TERRIBLE,Negative
fb_1027,2025-04-17 15:06:01.026996,The customer service was excellent!,Positive
fb_1028,2025-03-13 03:06:01.026996,The customer service was excellent!,Positive
fb_1029,2025-03-06 04:06:01.026996,My order arrived late and was damaged.,Negative
fb_1030,2024-11-18 03:06:01.026996,Shipping time was average.,Neutral
fb_1031,2024-12-04 08:06:01.026996,The app is so easy to use and very fast.,Positive
fb_1032,2024-12-07 14:06:01.026996,The website is #awful and slow.,Negative
fb_1033,2024-12-01 09:06:01.026996,The app is so easy to use and very fast.,Positive
fb_1034,2025-01-12 11:06:01.026996,Very satisfied with the quick delivery.,Positive
fb_1035,2025-06-20 04:06:01.026996,,Negative
fb_1036,2025-07-24 16:06:01.026996,Very satisfied with the quick delivery.,Positive
fb_1037,2025-08-14 20:06:01.026996,"Great experience, will buy again.",Positive
fb_1038,2025-09-18 07:06:01.026996,Product broke after one use. ##TERRIBLE,Negative
fb_1039,2025-02-22 03:06:01.026996,The app is so easy to use and very fast.,Positive
fb_1040,2024-12-07 12:06:01.026996,"The new update is fine, no major changes.",Neutral
fb_1041,2025-04-25 07:06:01.026996,The website is #awful and slow.,Negative
fb_1042,2025-08-18 14:06:01.026996,"I love this product, it works perfectly.",Positive
fb_1043,2025-02-28 11:06:01.026996,Very satisfied with the quick delivery.,Positive
fb_1044,2025-05-06 16:06:01.026996,Very satisfied with the quick delivery.,Negative
fb_1045,2025-10-20 23:06:01.026996,"Great experience, will buy again.",Positive
fb_1046,2025-04-26 19:06:01.026996,The app is so easy to use and very fast.,Positive
fb_1047,2025-09-16 23:06:01.026996,My order arrived late and was damaged.,Negative
fb_1048,2025-07-02 02:06:01.026996,The customer service was excellent!,Positive
fb_1049,2025-07-07 01:06:01.026996,"I love this product, it works perfectly.",Positive
fb_1050,2025-08-15 09:06:01.026996,I haven't used the support team yet.,Neutral
fb_1051,2025-05-02 14:06:01.026996,"I love this product, it works perfectly.",Positive
fb_1052,2025-08-23 02:06:01.026996,The customer service was excellent!,Positive
fb_1053,2025-05-30 18:06:01.026996,The website is #awful and slow.,Negative
fb_1054,2025-08-17 14:06:01.026996,Very satisfied with the quick delivery.,Positive
fb_1055,2025-05-28 03:06:01.026996,The customer service was excellent!,Positive
fb_1056,2025-03-02 05:06:01.026996,Product broke after one use. ##TERRIBLE,Negative
fb_1057,2025-03-19 14:06:01.026996,"I love this product, it works perfectly.",Positive
fb_1058,2025-07-30 16:06:01.026996,The app is so easy to use and very fast.,Positive
fb_1059,2025-07-05 09:06:01.026996,"Can't find what I'm looking for, navigation is confusing.",Negative
fb_1060,2025-10-28 21:06:01.026996,"The product is okay, it does the job.",Neutral
fb_1061,2025-08-08 13:06:01.026996,"Great experience, will buy again.",Positive
fb_1062,2025-05-02 18:06:01.026996,My order arrived late and was damaged.,Negative
fb_1063,2025-01-27 14:06:01.026996,"Great experience, will buy again.",Positive
fb_1064,2025-02-27 16:06:01.026996,"Great experience, will buy again.",Positive
fb_1065,2025-02-12 19:06:01.026996,"Can't find what I'm looking for, navigation is confusing.",Negative
fb_1066,2025-03-28 13:06:01.026996,"Can't find what I'm looking for, navigation is confusing.",Positive
fb_1067,2025-09-05 17:06:01.026996,"Great experience, will buy again.",Positive
fb_1068,2025-10-27 15:06:01.026996,"Can't find what I'm looking for, navigation is confusing.",Negative
fb_1069,2025-09-17 00:06:01.026996,The app is so easy to use and very fast.,Positive
fb_1070,2025-03-06 04:06:01.026996,I haven't used the support team yet.,Neutral
fb_1071,2025-06-27 01:06:01.026996,I am very unhappy with the support team.,Negative
fb_1072,2025-10-24 06:06:01.026996,Very satisfied with the quick delivery.,Positive
fb_1073,2025-03-26 07:06:01.026996,"Great experience, will buy again.",Positive
fb_1074,2025-07-14 20:06:01.026996,My order arrived late and was damaged.,Negative
fb_1075,2025-09-23 14:06:01.026996,,Positive
fb_1076,2025-04-27 02:06:01.026996,The app is so easy to use and very fast.,Positive
fb_1077,2025-01-26 01:06:01.026996,"Can't find what I'm looking for, navigation is confusing.",Negative
fb_1078,2025-09-22 05:06:01.026996,"Great experience, will buy again.",Positive
fb_1079,2025-03-13 08:06:01.026996,The customer service was excellent!,Positive
fb_1080,2025-01-16 12:06:01.026996,I haven't used the support team yet.,Neutral
fb_1081,2024-12-05 08:06:01.026996,The customer service was excellent!,Positive
fb_1082,2025-08-18 06:06:01.026996,"I love this product, it works perfectly.",Positive
fb_1083,2024-11-25 07:06:01.026996,,Negative
fb_1084,2025-10-25 07:06:01.026996,"Great experience, will buy again.",Positive
fb_1085,2025-04-24 06:06:01.026996,"I love this product, it works perfectly.",Positive
fb_1086,2025-07-26 04:06:01.026996,Product broke after one use. ##TERRIBLE,Negative
fb_1087,2024-11-09 21:06:01.026996,The customer service was excellent!,Positive
fb_1088,2025-10-10 15:06:01.026996,"Great experience, will buy again.",Positive
fb_1089,2024-12-11 07:06:01.026996,Product broke after one use. ##TERRIBLE,Negative
fb_1090,2025-08-13 17:06:01.026996,Shipping time was average.,Neutral
fb_1091,2025-09-25 21:06:01.026996,"Great experience, will buy again.",Positive
fb_1092,2025-10-10 09:06:01.026996,The website is #awful and slow.,Negative
fb_1093,2025-01-25 08:06:01.026996,Very satisfied with the quick delivery.,Positive
fb_1094,2025-01-24 10:06:01.026996,Very satisfied with the quick delivery.,Positive
fb_1095,2025-04-16 11:06:01.026996,The website is #awful and slow.,Negative
fb_1096,2025-10-10 04:06:01.026996,Very satisfied with the quick delivery.,Positive
fb_1097,2025-02-06 22:06:01.026996,The app is so easy to use and very fast.,Positive
fb_1098,2025-10-24 16:06:01.026996,I am very unhappy with the support team.,Negative
fb_1099,2025-08-17 13:06:01.026996,The customer service was excellent!,Positive
fb_1100,2025-07-08 21:06:01.026996,The price is fair for what you get.,Neutral
fb_1101,2025-01-13 06:06:01.026996,I am very unhappy with the support team.,Negative
fb_1102,2025-05-21 05:06:01.026996,"I love this product, it works perfectly.",Positive
fb_1103,2025-10-15 18:06:01.026996,The customer service was excellent!,Positive
fb_1104,2025-10-23 09:06:01.026996,"Can't find what I'm looking for, navigation is confusing.",Negative
fb_1105,2025-03-25 11:06:01.026996,"I love this product, it works perfectly.",Positive
fb_1106,2025-07-29 07:06:01.026996,Very satisfied with the quick delivery.,Positive
fb_1107,2025-01-31 12:06:01.026996,I am very unhappy with the support team.,Negative
fb_1108,2025-08-15 01:06:01.026996,"Great experience, will buy again.",Positive
fb_1109,2025-04-27 16:06:01.026996,The app is so easy to use and very fast.,Positive
fb_1110,2025-06-22 22:06:01.026996,"The new update is fine, no major changes.",Neutral
fb_1111,2025-07-04 00:06:01.026996,Very satisfied with the quick delivery.,Positive
fb_1112,2025-06-28 03:06:01.026996,The app is so easy to use and very fast.,Positive
fb_1113,2025-03-09 19:06:01.026996,My order arrived late and was damaged.,Negative
fb_1114,2025-07-16 16:06:01.026996,The customer service was excellent!,Positive
fb_1115,2025-07-08 02:06:01.026996,The customer service was excellent!,Positive
fb_1116,2024-12-19 05:06:01.026996,My order arrived late and was damaged.,Negative
fb_1117,2025-03-20 11:06:01.026996,"Great experience, will buy again.",Positive
fb_1118,2024-11-04 16:06:01.026996,,Positive
fb_1119,2025-06-17 04:06:01.026996,My order arrived late and was damaged.,Negative
fb_1120,2025-09-17 01:06:01.026996,Shipping time was average.,Neutral
fb_1121,2025-06-27 19:06:01.026996,"I love this product, it works perfectly.",Positive
fb_1122,2024-11-12 12:06:01.026996,The website is #awful and slow.,Negative
fb_1123,2025-02-20 11:06:01.026996,The customer service was excellent!,Positive
fb_1124,2025-02-15 19:06:01.026996,Very satisfied with the quick delivery.,Positive
fb_1125,2025-01-13 02:06:01.026996,"Can't find what I'm looking for, navigation is confusing.",Negative
fb_1126,2025-02-24 15:06:01.026996,"I love this product, it works perfectly.",Positive
fb_1127,2025-01-04 16:06:01.026996,The customer service was excellent!,Positive
fb_1128,2025-01-16 07:06:01.026996,My order arrived late and was damaged.,Negative
fb_1129,2024-12-29 11:06:01.026996,The customer service was excellent!,Positive
fb_1130,2024-12-09 14:06:01.026996,"The new update is fine, no major changes.",Neutral
fb_1131,2025-07-01 15:06:01.026996,My order arrived late and was damaged.,Negative
fb_1132,2025-03-30 01:06:01.026996,"I love this product, it works perfectly.",Positive
fb_1133,2025-04-29 02:06:01.026996,"Great experience, will buy again.",Positive
fb_1134,2025-10-03 04:06:01.026996,My order arrived late and was damaged.,Negative
fb_1135,2025-03-30 01:06:01.026996,"I love this product, it works perfectly.",Positive
fb_1136,2025-09-02 13:06:01.026996,The app is so easy to use and very fast.,Positive
fb_1137,2025-07-02 23:06:01.026996,My order arrived late and was damaged.,Negative
fb_1138,2025-01-27 07:06:01.026996,Very satisfied with the quick delivery.,Positive
fb_1139,2025-10-28 03:06:01.026996,Very satisfied with the quick delivery.,Positive
fb_1140,2025-02-20 13:06:01.026996,The price is fair for what you get.,Neutral
fb_1141,2025-05-19 22:06:01.026996,"Great experience, will buy again.",Positive
fb_1142,2025-08-09 00:06:01.026996,Very satisfied with the quick delivery.,Positive
fb_1143,2025-10-30 14:06:01.026996,Product broke after one use. ##TERRIBLE,Negative
fb_1144,2025-06-15 06:06:01.026996,"I love this product, it works perfectly.",Positive
fb_1145,2025-05-19 06:06:01.026996,Very satisfied with the quick delivery.,Positive
fb_1146,2025-06-22 18:06:01.026996,My order arrived late and was damaged.,Negative
fb_1147,2025-07-05 02:06:01.026996,The customer service was excellent!,Positive
fb_1148,2025-05-30 00:06:01.026996,The app is so easy to use and very fast.,Positive
fb_1149,2025-07-25 13:06:01.026996,The website is #awful and slow.,Negative
fb_1150,2025-06-11 05:06:01.026996,I haven't used the support team yet.,Neutral
fb_1151,2025-01-12 05:06:01.026996,The app is so easy to use and very fast.,Positive
fb_1152,2025-04-05 04:06:01.026996,The website is #awful and slow.,Negative
fb_1153,2024-12-21 00:06:01.026996,The customer service was excellent!,Positive
fb_1154,2024-12-19 04:06:01.026996,"Great experience, will buy again.",Positive
fb_1155,2025-01-01 09:06:01.026996,"Can't find what I'm looking for, navigation is confusing.",Negative
fb_1156,2025-02-19 17:06:01.026996,"I love this product, it works perfectly.",Positive
fb_1157,2024-12-13 15:06:01.026996,The app is so easy to use and very fast.,Positive
fb_1158,2025-08-12 18:06:01.026996,"Can't find what I'm looking for, navigation is confusing.",Negative
fb_1159,2024-12-31 10:06:01.026996,The customer service was excellent!,Positive
fb_1160,2024-11-30 15:06:01.026996,Shipping time was average.,Neutral
fb_1161,2024-11-12 17:06:01.026996,My order arrived late and was damaged.,Negative
fb_1162,2024-11-28 08:06:01.026996,"Great experience, will buy again.",Positive
fb_1163,2025-07-01 04:06:01.026996,"Great experience, will buy again.",Positive
fb_1164,2025-02-11 20:06:01.026996,"Can't find what I'm looking for, navigation is confusing.",Negative
fb_1165,2025-04-05 02:06:01.026996,The customer service was excellent!,Positive
fb_1166,2024-12-20 07:06:01.026996,"Great experience, will buy again.",Positive
fb_1167,2025-01-16 10:06:01.026996,My order arrived late and was damaged.,Negative
fb_1168,2025-09-05 19:06:01.026996,"Great experience, will buy again.",Positive
fb_1169,2025-10-14 08:06:01.026996,"I love this product, it works perfectly.",Positive
fb_1170,2024-12-11 23:06:01.026996,The price is fair for what you get.,Neutral
fb_1171,2025-05-02 02:06:01.026996,The app is so easy to use and very fast.,Positive
fb_1172,2025-03-19 04:06:01.026996,The customer service was excellent!,Positive
fb_1173,2025-06-27 09:06:01.026996,My order arrived late and was damaged.,Negative
fb_1174,2025-07-02 02:06:01.026996,The app is so easy to use and very fast.,Positive
fb_1175,2025-06-12 12:06:01.026996,"I love this product, it works perfectly.",Positive
fb_1176,2025-01-08 17:06:01.026996,The website is #awful and slow.,Negative
fb_1177,2025-03-02 18:06:01.026996,"I love this product, it works perfectly.",Positive
fb_1178,2025-08-15 21:06:01.026996,The app is so easy to use and very fast.,Positive
fb_1179,2025-09-04 05:06:01.026996,Product broke after one use. ##TERRIBLE,Negative
fb_1180,2025-10-27 22:06:01.026996,I haven't used the support team yet.,Neutral
fb_1181,2025-10-28 17:06:01.026996,The app is so easy to use and very fast.,Positive
fb_1182,2024-12-27 08:06:01.026996,"Can't find what I'm looking for, navigation is confusing.",Negative
fb_1183,2025-09-13 07:06:01.026996,"Can't find what I'm looking for, navigation is confusing.",Positive
fb_1184,2025-07-03 00:06:01.026996,The customer service was excellent!,Positive
fb_1185,2025-05-30 12:06:01.026996,Product broke after one use. ##TERRIBLE,Negative
fb_1186,2025-05-12 15:06:01.026996,Product broke after one use. ##TERRIBLE,Positive
fb_1187,2025-03-29 02:06:01.026996,Very satisfied with the quick delivery.,Positive
fb_1188,2025-01-29 22:06:01.026996,My order arrived late and was damaged.,Negative
fb_1189,2025-06-03 05:06:01.026996,The customer service was excellent!,Positive
fb_1190,2025-09-13 11:06:01.026996,"The product is okay, it does the job.",Neutral
fb_1191,2025-04-19 23:06:01.026996,My order arrived late and was damaged.,Negative
fb_1192,2025-07-15 10:06:01.026996,Very satisfied with the quick delivery.,Positive
fb_1193,2025-02-21 18:06:01.026996,Very satisfied with the quick delivery.,Positive
fb_1194,2025-10-18 03:06:01.026996,My order arrived late and was damaged.,Negative
fb_1195,2025-06-19 14:06:01.026996,Very satisfied with the quick delivery.,Positive
fb_1196,2025-03-17 06:06:01.026996,Very satisfied with the quick delivery.,Positive
fb_1197,2025-10-28 20:06:01.026996,Product broke after one use. ##TERRIBLE,Negative
fb_1198,2025-07-26 23:06:01.026996,Very satisfied with the quick delivery.,Positive
fb_1199,2024-11-01 22:06:01.026996,The customer service was excellent!,Positive
